,Working_Year,Designation,Experience,Experience Level ,Employment_Status,Employment Type ,Salary_In_IDR,Employee_Location,Employee Location,Employee Long,Employee Lat,Company_Location,Company Location ,Company Long ,Company Lat,Company_Size,Company Size ,Remote_Working_Ratio,Remote_Work_Category
1,2020,Data Scientist,MI,Mid ,FT,Full-time,"1,175,551,456.32",DE,Germany,-55,-10,DE,Germany,-55,-10,L,Large ,0,On-site
2,2020,Machine Learning Scientist,SE,Senior ,FT,Full-time,"3,828,534,234.20",JP,Japan,36,31,JP,Japan,36,31,S,Small,0,On-site
3,2020,Big Data Engineer,SE,Senior ,FT,Full-time,"1,605,392,724.10",GB,United Kingdom,11.75,-1,GB,United Kingdom,11.75,-1,M,Medium ,50,Hybrid
4,2020,Product Data Analyst,MI,Mid ,FT,Full-time,"294,502,633.40",HN,Honduras,-59,5,HN,Honduras,-59,5,S,Small,0,On-site
5,2020,Machine Learning Engineer,SE,Senior ,FT,Full-time,"2,208,769,750.50",US,United States,166.6,19.2833,US,United States,166.6,19.2833,L,Large ,50,Hybrid
6,2020,Data Analyst,EN,Entry ,FT,Full-time,"1,060,209,480.24",US,United States,166.6,19.2833,US,United States,166.6,19.2833,L,Large ,100,Remote 
7,2020,Lead Data Scientist,SE,Senior ,FT,Full-time,"2,797,775,017.30",US,United States,166.6,19.2833,US,United States,166.6,19.2833,S,Small,100,Remote 
8,2020,Data Scientist,MI,Mid ,FT,Full-time,"526,202,564.96",HU,Hungary,20,47,HU,Hungary,20,47,L,Large ,50,Hybrid
9,2020,Business Data Analyst,MI,Mid ,FT,Full-time,"1,987,892,867.98",US,United States,166.6,19.2833,US,United States,166.6,19.2833,L,Large ,100,Remote 
10,2020,Lead Data Engineer,SE,Senior ,FT,Full-time,"1,840,641,551.28",NZ,New Zealand,-61.1333,13.8833,NZ,New Zealand,-61.1333,13.8833,S,Small,50,Hybrid
11,2020,Data Scientist,EN,Entry ,FT,Full-time,"755,708,425.16",FR,France,2,46,FR,France,2,46,S,Small,0,On-site
12,2020,Data Scientist,MI,Mid ,FT,Full-time,"596,088,068.18",IN,India,34.75,31.5,IN,India,34.75,31.5,L,Large ,0,On-site
13,2020,Data Scientist,EN,Entry ,FT,Full-time,"587,768,325.76",FR,France,2,46,FR,France,2,46,M,Medium ,0,On-site
14,2020,Lead Data Analyst,MI,Mid ,FT,Full-time,"1,281,086,547.82",US,United States,166.6,19.2833,US,United States,166.6,19.2833,L,Large ,100,Remote 
15,2020,Data Analyst,MI,Mid ,FT,Full-time,"1,251,636,284.48",US,United States,166.6,19.2833,US,United States,166.6,19.2833,L,Large ,100,Remote 
16,2020,Data Analyst,MI,Mid ,FT,Full-time,"117,801,053.36",PK,Pakistan,-61.1333,13.8833,PK,Pakistan,-61.1333,13.8833,L,Large ,50,Hybrid
17,2020,Data Engineer,EN,Entry ,FT,Full-time,"613,876,035.38",JP,Japan,36,31,JP,Japan,36,31,S,Small,100,Remote 
18,2020,Big Data Engineer,SE,Senior ,FT,Full-time,"1,679,357,134.78",PL,Poland,-61.1333,13.8833,GB,United Kingdom,11.75,-1,S,Small,100,Remote 
19,2020,Data Science Consultant,EN,Entry ,FT,Full-time,"84,036,301.18",IN,India,34.75,31.5,IN,India,34.75,31.5,M,Medium ,50,Hybrid
20,2020,Lead Data Engineer,MI,Mid ,FT,Full-time,"824,607,373.52",PT,Portugal,-56.3333,46.8333,US,United States,166.6,19.2833,M,Medium ,100,Remote 
21,2020,Machine Learning Engineer,MI,Mid ,FT,Full-time,"638,054,679.56",CN,China,-55,-10,CN,China,-55,-10,M,Medium ,0,On-site
22,2020,Product Data Analyst,MI,Mid ,FT,Full-time,"89,410,998.76",IN,India,34.75,31.5,IN,India,34.75,31.5,L,Large ,100,Remote 
23,2020,Data Engineer,SE,Senior ,FT,Full-time,"705,318,992.94",GR,Greece,-10,11,GR,Greece,-10,11,L,Large ,50,Hybrid
24,2020,BI Data Analyst,MI,Mid ,FT,Full-time,"1,443,062,903.66",US,United States,166.6,19.2833,US,United States,166.6,19.2833,M,Medium ,0,On-site
25,2020,Lead Data Scientist,MI,Mid ,FT,Full-time,"1,693,390,234.58",AE,United Arab Emirates,54,24,AE,United Arab Emirates,54,24,L,Large ,0,On-site
26,2020,Director of Data Science,EX,Executive ,FT,Full-time,"4,785,667,885.28",US,United States,166.6,19.2833,US,United States,166.6,19.2833,L,Large ,100,Remote 
27,2020,Research Scientist,EN,Entry ,FT,Full-time,"618,455,530.14",NL,Netherlands,-61.1333,13.8833,NL,Netherlands,-61.1333,13.8833,L,Large ,50,Hybrid
28,2020,Data Engineer,SE,Senior ,FT,Full-time,"493,453,977.24",MX,Mexico,-61.1333,13.8833,MX,Mexico,-61.1333,13.8833,S,Small,0,On-site
29,2020,Business Data Analyst,EN,Entry ,CT,Contract,"1,472,513,167.00",US,United States,166.6,19.2833,US,United States,166.6,19.2833,L,Large ,100,Remote 
30,2020,Machine Learning Manager,SE,Senior ,FT,Full-time,"1,724,371,869.42",CA,Canada,-55,-10,CA,Canada,-55,-10,L,Large ,50,Hybrid
31,2020,Data Engineering Manager,MI,Mid ,FT,Full-time,"873,244,472.60",DE,Germany,-55,-10,DE,Germany,-55,-10,S,Small,100,Remote 
32,2020,Big Data Engineer,EN,Entry ,FT,Full-time,"1,030,759,216.90",US,United States,166.6,19.2833,US,United States,166.6,19.2833,L,Large ,100,Remote 
33,2020,Data Scientist,SE,Senior ,FT,Full-time,"1,007,611,356.92",GR,Greece,-10,11,US,United States,166.6,19.2833,L,Large ,100,Remote 
34,2020,Research Scientist,MI,Mid ,FT,Full-time,"6,626,309,251.50",US,United States,166.6,19.2833,US,United States,166.6,19.2833,M,Medium ,0,On-site
35,2020,Data Analyst,MI,Mid ,FT,Full-time,"688,532,385.40",FR,France,2,46,FR,France,2,46,L,Large ,50,Hybrid
36,2020,Data Engineer,MI,Mid ,FT,Full-time,"1,091,574,004.22",AT,Austria,45,40,AT,Austria,45,40,L,Large ,50,Hybrid
37,2020,Data Science Consultant,MI,Mid ,FT,Full-time,"1,516,688,654.54",US,United States,166.6,19.2833,US,United States,166.6,19.2833,L,Large ,100,Remote 
38,2020,Machine Learning Engineer,EN,Entry ,FT,Full-time,"3,681,282,917.50",US,United States,166.6,19.2833,US,United States,166.6,19.2833,L,Large ,50,Hybrid
39,2020,Data Analyst,EN,Entry ,FT,Full-time,"147,251,316.70",NG,Nigeria,-61.1333,13.8833,NG,Nigeria,-61.1333,13.8833,S,Small,100,Remote 
40,2020,Machine Learning Engineer,EN,Entry ,FT,Full-time,"2,032,068,170.46",US,United States,166.6,19.2833,US,United States,166.6,19.2833,S,Small,100,Remote 
41,2020,Data Scientist,MI,Mid ,FT,Full-time,"673,821,966.00",PH,Philippines,-61.1333,13.8833,US,United States,166.6,19.2833,S,Small,100,Remote 
42,2020,Data Engineering Manager,EX,Executive ,FT,Full-time,"1,175,551,456.32",ES,Spain,30,27,ES,Spain,30,27,L,Large ,50,Hybrid
43,2020,Machine Learning Infrastructure Engineer,MI,Mid ,FT,Full-time,"738,907,197.88",PT,Portugal,-56.3333,46.8333,PT,Portugal,-56.3333,46.8333,M,Medium ,0,On-site
44,2020,Data Engineer,MI,Mid ,FT,Full-time,"1,560,863,957.02",US,United States,166.6,19.2833,US,United States,166.6,19.2833,L,Large ,100,Remote 
45,2020,Data Engineer,MI,Mid ,FT,Full-time,"1,662,055,135.14",GB,United Kingdom,11.75,-1,GB,United Kingdom,11.75,-1,L,Large ,50,Hybrid
46,2020,ML Engineer,EN,Entry ,PT,Part-time,"235,101,519.42",DE,Germany,-55,-10,DE,Germany,-55,-10,S,Small,100,Remote 
47,2020,Data Scientist,MI,Mid ,FT,Full-time,"1,133,216,760.60",GB,United Kingdom,11.75,-1,GB,United Kingdom,11.75,-1,S,Small,100,Remote 
48,2020,Data Engineer,SE,Senior ,FT,Full-time,"2,768,324,753.96",US,United States,166.6,19.2833,US,United States,166.6,19.2833,L,Large ,100,Remote 
49,2020,Data Scientist,MI,Mid ,FT,Full-time,"1,546,138,917.88",US,United States,166.6,19.2833,US,United States,166.6,19.2833,L,Large ,100,Remote 
50,2020,Data Engineer,MI,Mid ,FT,Full-time,"1,032,805,980.50",FR,France,2,46,FR,France,2,46,L,Large ,50,Hybrid
51,2020,Data Analyst,EN,Entry ,FT,Full-time,"89,410,998.76",IN,India,34.75,31.5,IN,India,34.75,31.5,S,Small,0,On-site
52,2020,Data Analyst,EN,Entry ,FT,Full-time,"1,339,987,074.50",US,United States,166.6,19.2833,US,United States,166.6,19.2833,L,Large ,100,Remote 
53,2020,AI Scientist,EN,Entry ,FT,Full-time,"675,824,685.32",DK,Denmark,-55,-10,DK,Denmark,-55,-10,S,Small,50,Hybrid
54,2020,Data Engineer,EN,Entry ,FT,Full-time,"806,083,237.64",PK,Pakistan,-61.1333,13.8833,DE,Germany,-55,-10,L,Large ,100,Remote 
55,2020,Computer Vision Engineer,SE,Senior ,FL,Freelance,"883,507,900.20",RU,Russian Federation,-56.3333,46.8333,US,United States,166.6,19.2833,S,Small,100,Remote 
56,2020,Principal Data Scientist,SE,Senior ,FT,Full-time,"2,183,162,813.24",DE,Germany,-55,-10,DE,Germany,-55,-10,M,Medium ,100,Remote 
57,2020,Data Scientist,MI,Mid ,FT,Full-time,"570,981,718.22",ES,Spain,30,27,ES,Spain,30,27,M,Medium ,100,Remote 
58,2020,Data Scientist,MI,Mid ,FT,Full-time,"1,737,565,537.06",US,United States,166.6,19.2833,US,United States,166.6,19.2833,M,Medium ,100,Remote 
59,2020,Data Scientist,SE,Senior ,FT,Full-time,"1,767,015,800.40",US,United States,166.6,19.2833,US,United States,166.6,19.2833,L,Large ,50,Hybrid
60,2020,Data Scientist,MI,Mid ,FT,Full-time,"2,037,221,906.40",US,United States,166.6,19.2833,US,United States,166.6,19.2833,M,Medium ,100,Remote 
61,2020,Data Engineer,MI,Mid ,FT,Full-time,"1,619,764,483.70",US,United States,166.6,19.2833,US,United States,166.6,19.2833,L,Large ,100,Remote 
62,2020,Data Engineer,MI,Mid ,FT,Full-time,"1,926,047,296.46",ES,Spain,30,27,US,United States,166.6,19.2833,M,Medium ,100,Remote 
63,2020,Data Scientist,EN,Entry ,PT,Part-time,"319,078,786.46",IT,Italy,12.8333,42.8333,IT,Italy,12.8333,42.8333,S,Small,50,Hybrid
64,2020,Data Scientist,SE,Senior ,FT,Full-time,"6,066,754,248.04",US,United States,166.6,19.2833,US,United States,166.6,19.2833,L,Large ,100,Remote 
65,2020,Machine Learning Engineer,SE,Senior ,FT,Full-time,"671,730,973.06",HR,Croatia,-59,5,HR,Croatia,-59,5,S,Small,100,Remote 
66,2020,Data Scientist,EN,Entry ,FT,Full-time,"923,648,524.56",DE,Germany,-55,-10,DE,Germany,-55,-10,S,Small,50,Hybrid
67,2020,Data Scientist,EN,Entry ,FT,Full-time,"725,477,763.80",DE,Germany,-55,-10,DE,Germany,-55,-10,S,Small,0,On-site
68,2020,Data Science Manager,SE,Senior ,FT,Full-time,"2,800,720,062.14",US,United States,166.6,19.2833,US,United States,166.6,19.2833,M,Medium ,100,Remote 
69,2020,Data Scientist,EN,Entry ,FT,Full-time,"1,546,138,917.88",US,United States,166.6,19.2833,US,United States,166.6,19.2833,S,Small,100,Remote 
70,2020,Data Scientist,SE,Senior ,FT,Full-time,"1,343,476,750.92",AT,Austria,45,40,AT,Austria,45,40,S,Small,0,On-site
71,2020,Data Scientist,MI,Mid ,FT,Full-time,"923,648,524.56",FR,France,2,46,LU,Luxembourg,105,18,S,Small,50,Hybrid
72,2020,Data Scientist,MI,Mid ,FT,Full-time,"621,356,345.64",FR,France,2,46,FR,France,2,46,S,Small,50,Hybrid
73,2021,Research Scientist,EN,Entry ,FT,Full-time,"1,215,235,722.72",GB,United Kingdom,11.75,-1,GB,United Kingdom,11.75,-1,L,Large ,50,Hybrid
74,2021,BI Data Analyst,EX,Executive ,FT,Full-time,"2,208,769,750.50",IN,India,34.75,31.5,US,United States,166.6,19.2833,L,Large ,100,Remote 
75,2021,Head of Data,EX,Executive ,FT,Full-time,"3,460,406,034.98",US,United States,166.6,19.2833,US,United States,166.6,19.2833,L,Large ,100,Remote 
76,2021,Data Scientist,SE,Senior ,FT,Full-time,"783,259,232.66",FR,France,2,46,FR,France,2,46,L,Large ,50,Hybrid
77,2021,BI Data Analyst,MI,Mid ,FT,Full-time,"1,472,513,167.00",US,United States,166.6,19.2833,US,United States,166.6,19.2833,M,Medium ,100,Remote 
78,2021,3D Computer Vision Researcher,MI,Mid ,PT,Part-time,"79,648,158.46",IN,India,34.75,31.5,IN,India,34.75,31.5,M,Medium ,50,Hybrid
79,2021,ML Engineer,MI,Mid ,CT,Contract,"3,975,785,550.90",US,United States,166.6,19.2833,US,United States,166.6,19.2833,L,Large ,100,Remote 
80,2021,Data Analyst,EN,Entry ,FT,Full-time,"1,178,010,533.60",US,United States,166.6,19.2833,US,United States,166.6,19.2833,M,Medium ,100,Remote 
81,2021,Data Analytics Engineer,SE,Senior ,FT,Full-time,"1,166,186,309.96",DE,Germany,-55,-10,DE,Germany,-55,-10,L,Large ,100,Remote 
82,2021,Data Engineer,MI,Mid ,FT,Full-time,"2,061,518,433.80",US,United States,166.6,19.2833,US,United States,166.6,19.2833,L,Large ,100,Remote 
83,2021,Applied Data Scientist,MI,Mid ,FT,Full-time,"798,661,776.46",GB,United Kingdom,11.75,-1,CA,Canada,-55,-10,L,Large ,50,Hybrid
84,2021,Machine Learning Engineer,MI,Mid ,FT,Full-time,"696,233,657.30",ES,Spain,30,27,ES,Spain,30,27,S,Small,100,Remote 
85,2021,Director of Data Science,EX,Executive ,FT,Full-time,"2,262,766,742.36",IT,Italy,12.8333,42.8333,PL,Poland,-61.1333,13.8833,L,Large ,100,Remote 
86,2021,Data Engineer,MI,Mid ,FT,Full-time,"419,312,834.26",PL,Poland,-61.1333,13.8833,PL,Poland,-61.1333,13.8833,L,Large ,100,Remote 
87,2021,Data Analyst,EN,Entry ,FT,Full-time,"870,284,808.02",FR,France,2,46,FR,France,2,46,M,Medium ,50,Hybrid
88,2021,Data Analytics Engineer,MI,Mid ,FT,Full-time,"1,619,764,483.70",US,United States,166.6,19.2833,US,United States,166.6,19.2833,L,Large ,100,Remote 
89,2021,Lead Data Analyst,SE,Senior ,FT,Full-time,"2,503,272,383.90",US,United States,166.6,19.2833,US,United States,166.6,19.2833,L,Large ,100,Remote 
90,2021,Data Analyst,SE,Senior ,FT,Full-time,"1,178,010,533.60",BG,Bulgaria,47.5,40.5,US,United States,166.6,19.2833,S,Small,100,Remote 
91,2021,Marketing Data Analyst,SE,Senior ,FT,Full-time,"1,305,441,739.24",GR,Greece,-10,11,DK,Denmark,-55,-10,L,Large ,100,Remote 
92,2021,Data Science Consultant,EN,Entry ,FT,Full-time,"1,131,375,968.78",DE,Germany,-55,-10,DE,Germany,-55,-10,S,Small,100,Remote 
93,2021,Lead Data Analyst,MI,Mid ,FT,Full-time,"288,745,046.68",IN,India,34.75,31.5,IN,India,34.75,31.5,L,Large ,100,Remote 
94,2021,Lead Data Engineer,SE,Senior ,FT,Full-time,"4,064,136,340.92",US,United States,166.6,19.2833,US,United States,166.6,19.2833,L,Large ,0,On-site
95,2021,Data Scientist,EN,Entry ,FT,Full-time,"438,087,356.32",IN,India,34.75,31.5,IN,India,34.75,31.5,L,Large ,50,Hybrid
96,2021,Cloud Data Engineer,MI,Mid ,FT,Full-time,"1,314,865,919.74",SG,Singapore,159,-8,SG,Singapore,159,-8,L,Large ,50,Hybrid
97,2021,AI Scientist,EN,Entry ,PT,Part-time,"176,701,580.04",BR,Brazil,47.5,40.5,US,United States,166.6,19.2833,S,Small,100,Remote 
98,2021,Financial Data Analyst,MI,Mid ,FT,Full-time,"6,626,309,251.50",US,United States,166.6,19.2833,US,United States,166.6,19.2833,L,Large ,100,Remote 
99,2021,Computer Vision Software Engineer,EN,Entry ,FT,Full-time,"1,030,759,216.90",US,United States,166.6,19.2833,US,United States,166.6,19.2833,M,Medium ,100,Remote 
100,2021,Computer Vision Software Engineer,MI,Mid ,FT,Full-time,"1,409,872,392.66",DE,Germany,-55,-10,US,United States,166.6,19.2833,S,Small,100,Remote 
101,2021,Data Analyst,MI,Mid ,FT,Full-time,"1,104,384,967.78",US,United States,166.6,19.2833,US,United States,166.6,19.2833,L,Large ,0,On-site
102,2021,Data Engineer,SE,Senior ,FT,Full-time,"2,208,769,750.50",US,United States,166.6,19.2833,US,United States,166.6,19.2833,L,Large ,100,Remote 
103,2021,BI Data Analyst,MI,Mid ,FT,Full-time,"533,918,641.66",HU,Hungary,20,47,US,United States,166.6,19.2833,L,Large ,50,Hybrid
104,2021,Data Analyst,MI,Mid ,FT,Full-time,"912,958,163.54",US,United States,166.6,19.2833,US,United States,166.6,19.2833,L,Large ,0,On-site
105,2021,Data Scientist,MI,Mid ,FT,Full-time,"1,074,934,704.44",US,United States,166.6,19.2833,US,United States,166.6,19.2833,L,Large ,0,On-site
106,2021,Data Analyst,MI,Mid ,FT,Full-time,"758,624,045.46",GB,United Kingdom,11.75,-1,GB,United Kingdom,11.75,-1,L,Large ,50,Hybrid
107,2021,Research Scientist,MI,Mid ,FT,Full-time,"2,760,108,089.96",CA,Canada,-55,-10,CA,Canada,-55,-10,L,Large ,100,Remote 
108,2021,Data Engineer,SE,Senior ,FT,Full-time,"1,693,390,234.58",US,United States,166.6,19.2833,US,United States,166.6,19.2833,S,Small,100,Remote 
109,2021,Data Engineer,SE,Senior ,FT,Full-time,"2,208,769,750.50",US,United States,166.6,19.2833,US,United States,166.6,19.2833,M,Medium ,100,Remote 
110,2021,Data Engineer,EN,Entry ,FT,Full-time,"448,056,353.46",IN,India,34.75,31.5,IN,India,34.75,31.5,L,Large ,100,Remote 
111,2021,Machine Learning Engineer,SE,Senior ,FT,Full-time,"1,392,467,314.60",DE,Germany,-55,-10,DE,Germany,-55,-10,L,Large ,50,Hybrid
112,2021,Director of Data Engineering,SE,Senior ,FT,Full-time,"1,670,949,118.74",GB,United Kingdom,11.75,-1,GB,United Kingdom,11.75,-1,M,Medium ,100,Remote 
113,2021,Lead Data Engineer,SE,Senior ,FT,Full-time,"1,519,044,653.40",GB,United Kingdom,11.75,-1,GB,United Kingdom,11.75,-1,S,Small,100,Remote 
114,2021,AI Scientist,EN,Entry ,PT,Part-time,"176,701,580.04",PK,Pakistan,-61.1333,13.8833,US,United States,166.6,19.2833,M,Medium ,100,Remote 
115,2021,Data Engineer,MI,Mid ,FT,Full-time,"668,388,419.34",NL,Netherlands,-61.1333,13.8833,NL,Netherlands,-61.1333,13.8833,L,Large ,100,Remote 
116,2021,Machine Learning Scientist,EN,Entry ,FT,Full-time,"3,313,154,718.28",US,United States,166.6,19.2833,US,United States,166.6,19.2833,L,Large ,100,Remote 
117,2021,Data Scientist,MI,Mid ,FT,Full-time,"736,256,583.50",NG,Nigeria,-61.1333,13.8833,NG,Nigeria,-61.1333,13.8833,L,Large ,100,Remote 
118,2021,Data Science Engineer,MI,Mid ,FT,Full-time,"591,788,384.14",GR,Greece,-10,11,GR,Greece,-10,11,M,Medium ,100,Remote 
119,2021,Data Analyst,EN,Entry ,FT,Full-time,"1,325,261,850.30",US,United States,166.6,19.2833,US,United States,166.6,19.2833,S,Small,100,Remote 
120,2021,Data Engineer,MI,Mid ,FT,Full-time,"2,945,026,334.00",US,United States,166.6,19.2833,US,United States,166.6,19.2833,L,Large ,100,Remote 
121,2021,Big Data Engineer,MI,Mid ,FT,Full-time,"883,507,900.20",ES,Spain,30,27,RO,Romania,-56.3333,46.8333,M,Medium ,50,Hybrid
122,2021,Principal Data Engineer,SE,Senior ,FT,Full-time,"2,945,026,334.00",US,United States,166.6,19.2833,US,United States,166.6,19.2833,M,Medium ,100,Remote 
123,2021,Data Analyst,EN,Entry ,FT,Full-time,"736,256,583.50",US,United States,166.6,19.2833,US,United States,166.6,19.2833,M,Medium ,100,Remote 
124,2021,Applied Data Scientist,EN,Entry ,FT,Full-time,"1,620,309,300.34",GB,United Kingdom,11.75,-1,GB,United Kingdom,11.75,-1,L,Large ,0,On-site
125,2021,Data Analyst,EN,Entry ,PT,Part-time,"152,464,086.78",ES,Spain,30,27,ES,Spain,30,27,M,Medium ,50,Hybrid
126,2021,Principal Data Scientist,MI,Mid ,FT,Full-time,"2,223,494,974.70",US,United States,166.6,19.2833,US,United States,166.6,19.2833,L,Large ,100,Remote 
127,2021,Machine Learning Scientist,SE,Senior ,FT,Full-time,"1,767,015,800.40",US,United States,166.6,19.2833,US,United States,166.6,19.2833,S,Small,50,Hybrid
128,2021,Data Scientist,MI,Mid ,FT,Full-time,"139,388,117.30",IN,India,34.75,31.5,IN,India,34.75,31.5,S,Small,0,On-site
129,2021,Machine Learning Engineer,EN,Entry ,FT,Full-time,"294,502,633.40",IN,India,34.75,31.5,IN,India,34.75,31.5,S,Small,100,Remote 
130,2021,Lead Data Scientist,SE,Senior ,FT,Full-time,"597,398,663.10",IN,India,34.75,31.5,IN,India,34.75,31.5,L,Large ,50,Hybrid
131,2021,Machine Learning Developer,EN,Entry ,FT,Full-time,"1,472,513,167.00",IQ,Iraq,34.75,31.5,IQ,Iraq,34.75,31.5,S,Small,50,Hybrid
132,2021,Data Scientist,EN,Entry ,FT,Full-time,"731,043,813.42",FR,France,2,46,FR,France,2,46,M,Medium ,50,Hybrid
133,2021,Applied Machine Learning Scientist,MI,Mid ,FT,Full-time,"565,445,093.14",VN,Viet Nam,-64.8333,18.3333,US,United States,166.6,19.2833,M,Medium ,100,Remote 
134,2021,Computer Vision Engineer,SE,Senior ,FT,Full-time,"353,403,160.08",BR,Brazil,47.5,40.5,BR,Brazil,47.5,40.5,M,Medium ,100,Remote 
135,2021,Data Scientist,EN,Entry ,FT,Full-time,"1,472,513,167.00",US,United States,166.6,19.2833,US,United States,166.6,19.2833,S,Small,0,On-site
136,2021,Data Analyst,MI,Mid ,FT,Full-time,"1,325,261,850.30",US,United States,166.6,19.2833,US,United States,166.6,19.2833,M,Medium ,100,Remote 
137,2021,ML Engineer,MI,Mid ,FT,Full-time,"938,152,787.12",JP,Japan,36,31,JP,Japan,36,31,S,Small,50,Hybrid
138,2021,ML Engineer,MI,Mid ,FT,Full-time,"1,139,195,123.90",JP,Japan,36,31,JP,Japan,36,31,S,Small,50,Hybrid
139,2021,Principal Data Scientist,SE,Senior ,FT,Full-time,"3,239,528,967.40",US,United States,166.6,19.2833,US,United States,166.6,19.2833,L,Large ,0,On-site
140,2021,Data Scientist,EN,Entry ,FT,Full-time,"1,178,010,533.60",US,United States,166.6,19.2833,US,United States,166.6,19.2833,M,Medium ,100,Remote 
141,2021,Data Analyst,MI,Mid ,FT,Full-time,"1,987,892,867.98",US,United States,166.6,19.2833,US,United States,166.6,19.2833,L,Large ,100,Remote 
142,2021,Data Science Manager,SE,Senior ,FT,Full-time,"3,534,031,600.80",US,United States,166.6,19.2833,US,United States,166.6,19.2833,L,Large ,0,On-site
143,2021,Data Engineering Manager,SE,Senior ,FT,Full-time,"2,208,769,750.50",US,United States,166.6,19.2833,US,United States,166.6,19.2833,L,Large ,0,On-site
144,2021,Data Scientist,MI,Mid ,FT,Full-time,"1,214,823,409.04",US,United States,166.6,19.2833,US,United States,166.6,19.2833,S,Small,100,Remote 
145,2021,Data Engineer,MI,Mid ,FT,Full-time,"1,472,513,167.00",US,United States,166.6,19.2833,US,United States,166.6,19.2833,L,Large ,100,Remote 
146,2021,Machine Learning Engineer,SE,Senior ,FT,Full-time,"1,218,416,348.94",BE,Belgium,47.5,40.5,BE,Belgium,47.5,40.5,M,Medium ,50,Hybrid
147,2021,Research Scientist,MI,Mid ,FT,Full-time,"922,514,847.00",FR,France,2,46,FR,France,2,46,M,Medium ,50,Hybrid
148,2021,Data Engineer,MI,Mid ,FT,Full-time,"1,325,261,850.30",US,United States,166.6,19.2833,US,United States,166.6,19.2833,L,Large ,100,Remote 
149,2021,Data Engineering Manager,SE,Senior ,FT,Full-time,"2,252,945,238.04",US,United States,166.6,19.2833,US,United States,166.6,19.2833,L,Large ,100,Remote 
150,2021,Cloud Data Engineer,SE,Senior ,FT,Full-time,"2,356,021,067.20",BR,Brazil,47.5,40.5,US,United States,166.6,19.2833,S,Small,100,Remote 
151,2021,Director of Data Science,SE,Senior ,FT,Full-time,"2,473,822,120.56",JP,Japan,36,31,JP,Japan,36,31,S,Small,0,On-site
152,2021,Data Scientist,MI,Mid ,FT,Full-time,"2,208,769,750.50",US,United States,166.6,19.2833,US,United States,166.6,19.2833,M,Medium ,100,Remote 
153,2021,Data Scientist,MI,Mid ,FT,Full-time,"1,115,782,072.94",CA,Canada,-55,-10,CA,Canada,-55,-10,L,Large ,100,Remote 
154,2021,Data Scientist,EN,Entry ,FT,Full-time,"197,316,708.86",UA,Ukraine,-2,54,UA,Ukraine,-2,54,L,Large ,100,Remote 
155,2021,Data Science Manager,SE,Senior ,FT,Full-time,"2,120,418,960.48",US,United States,166.6,19.2833,US,United States,166.6,19.2833,L,Large ,100,Remote 
156,2021,Data Science Engineer,SE,Senior ,FT,Full-time,"1,873,345,909.66",CA,Canada,-55,-10,CA,Canada,-55,-10,L,Large ,50,Hybrid
157,2021,Data Scientist,MI,Mid ,FT,Full-time,"1,753,159,432.90",SG,Singapore,159,-8,IL,Israel,120,-5,M,Medium ,100,Remote 
158,2021,Applied Machine Learning Scientist,MI,Mid ,FT,Full-time,"6,228,730,788.94",US,United States,166.6,19.2833,US,United States,166.6,19.2833,L,Large ,50,Hybrid
159,2021,Data Analytics Manager,SE,Senior ,FT,Full-time,"1,767,015,800.40",US,United States,166.6,19.2833,US,United States,166.6,19.2833,M,Medium ,100,Remote 
160,2021,Machine Learning Engineer,EN,Entry ,FT,Full-time,"1,840,641,551.28",US,United States,166.6,19.2833,US,United States,166.6,19.2833,S,Small,100,Remote 
161,2021,Head of Data,EX,Executive ,FT,Full-time,"3,386,780,284.10",RU,Russian Federation,-56.3333,46.8333,RU,Russian Federation,-56.3333,46.8333,L,Large ,50,Hybrid
162,2021,Head of Data Science,EX,Executive ,FT,Full-time,"1,251,636,284.48",RU,Russian Federation,-56.3333,46.8333,RU,Russian Federation,-56.3333,46.8333,M,Medium ,0,On-site
163,2021,Data Engineer,MI,Mid ,FT,Full-time,"417,737,233.42",MT,Malta,-61.1333,13.8833,MT,Malta,-61.1333,13.8833,L,Large ,50,Hybrid
164,2021,Data Science Consultant,EN,Entry ,FT,Full-time,"939,919,925.06",DE,Germany,-55,-10,DE,Germany,-55,-10,L,Large ,50,Hybrid
165,2021,Director of Data Science,EX,Executive ,FT,Full-time,"1,914,650,006.24",DE,Germany,-55,-10,DE,Germany,-55,-10,M,Medium ,50,Hybrid
166,2021,Data Specialist,SE,Senior ,FT,Full-time,"2,429,646,818.08",US,United States,166.6,19.2833,US,United States,166.6,19.2833,L,Large ,100,Remote 
167,2021,Data Engineer,EN,Entry ,FT,Full-time,"1,178,010,533.60",US,United States,166.6,19.2833,US,United States,166.6,19.2833,L,Large ,100,Remote 
168,2021,Director of Data Science,EX,Executive ,FT,Full-time,"3,681,282,917.50",US,United States,166.6,19.2833,US,United States,166.6,19.2833,L,Large ,0,On-site
169,2021,BI Data Analyst,EN,Entry ,FT,Full-time,"809,882,334.38",US,United States,166.6,19.2833,US,United States,166.6,19.2833,S,Small,50,Hybrid
170,2021,Data Architect,MI,Mid ,FT,Full-time,"2,208,769,750.50",US,United States,166.6,19.2833,US,United States,166.6,19.2833,L,Large ,100,Remote 
171,2021,Data Architect,MI,Mid ,FT,Full-time,"2,503,272,383.90",US,United States,166.6,19.2833,US,United States,166.6,19.2833,L,Large ,100,Remote 
172,2021,Data Engineer,MI,Mid ,FT,Full-time,"1,215,235,722.72",GB,United Kingdom,11.75,-1,GB,United Kingdom,11.75,-1,L,Large ,100,Remote 
173,2021,Data Analyst,EN,Entry ,FT,Full-time,"883,507,900.20",US,United States,166.6,19.2833,US,United States,166.6,19.2833,S,Small,100,Remote 
174,2021,Principal Data Scientist,SE,Senior ,FT,Full-time,"3,460,406,034.98",US,United States,166.6,19.2833,US,United States,166.6,19.2833,L,Large ,100,Remote 
175,2021,Research Scientist,SE,Senior ,FT,Full-time,"894,654,804.24",PT,Portugal,-56.3333,46.8333,PT,Portugal,-56.3333,46.8333,L,Large ,50,Hybrid
176,2021,Data Engineering Manager,SE,Senior ,FT,Full-time,"2,562,172,910.58",US,United States,166.6,19.2833,US,United States,166.6,19.2833,L,Large ,100,Remote 
177,2021,Data Scientist,MI,Mid ,FT,Full-time,"42,099,114.34",MX,Mexico,-61.1333,13.8833,MX,Mexico,-61.1333,13.8833,S,Small,0,On-site
178,2021,Data Scientist,MI,Mid ,FT,Full-time,"589,564,888.24",CL,Chile,-55,-10,CL,Chile,-55,-10,L,Large ,100,Remote 
179,2021,Machine Learning Engineer,EN,Entry ,FT,Full-time,"1,192,735,757.80",US,United States,166.6,19.2833,US,United States,166.6,19.2833,S,Small,50,Hybrid
180,2021,Data Scientist,MI,Mid ,FT,Full-time,"83,623,987.50",IN,India,34.75,31.5,US,United States,166.6,19.2833,S,Small,100,Remote 
181,2021,Big Data Engineer,MI,Mid ,FT,Full-time,"332,949,958.76",IN,India,34.75,31.5,IN,India,34.75,31.5,L,Large ,0,On-site
182,2021,Data Scientist,MI,Mid ,FT,Full-time,"1,336,070,094.54",DE,Germany,-55,-10,DE,Germany,-55,-10,L,Large ,50,Hybrid
183,2021,Data Engineer,MI,Mid ,FT,Full-time,"382,927,077.30",RO,Romania,-56.3333,46.8333,US,United States,166.6,19.2833,L,Large ,0,On-site
184,2021,Finance Data Analyst,SE,Senior ,FT,Full-time,"911,426,792.04",GB,United Kingdom,11.75,-1,GB,United Kingdom,11.75,-1,L,Large ,50,Hybrid
185,2021,Machine Learning Scientist,MI,Mid ,FL,Freelance,"176,701,580.04",PK,Pakistan,-61.1333,13.8833,PK,Pakistan,-61.1333,13.8833,M,Medium ,50,Hybrid
186,2021,Data Engineer,MI,Mid ,FT,Full-time,"58,900,526.68",IR,"Iran, Islamic Republic of",34.75,31.5,IR,"Iran, Islamic Republic of",34.75,31.5,M,Medium ,100,Remote 
187,2021,Data Analytics Engineer,SE,Senior ,FT,Full-time,"736,256,583.50",VN,Viet Nam,-64.8333,18.3333,GB,United Kingdom,11.75,-1,M,Medium ,100,Remote 
188,2021,Data Science Consultant,EX,Executive ,FT,Full-time,"1,026,945,315.36",FR,France,2,46,ES,Spain,30,27,S,Small,100,Remote 
189,2021,Data Engineer,SE,Senior ,FT,Full-time,"1,131,375,968.78",RO,Romania,-56.3333,46.8333,GB,United Kingdom,11.75,-1,S,Small,50,Hybrid
190,2021,Machine Learning Engineer,MI,Mid ,FT,Full-time,"1,089,659,743.58",JP,Japan,36,31,JP,Japan,36,31,S,Small,50,Hybrid
191,2021,Data Science Manager,SE,Senior ,FT,Full-time,"2,238,220,013.84",US,United States,166.6,19.2833,FR,France,2,46,L,Large ,100,Remote 
192,2021,Machine Learning Engineer,EN,Entry ,FT,Full-time,"321,655,746.96",CO,Colombia,-55,-10,CO,Colombia,-55,-10,M,Medium ,50,Hybrid
193,2021,Big Data Engineer,MI,Mid ,FT,Full-time,"265,052,370.06",MD,"Moldova, Republic of",-61.1333,13.8833,MD,"Moldova, Republic of",-61.1333,13.8833,S,Small,0,On-site
194,2021,Data Science Manager,SE,Senior ,FT,Full-time,"2,562,172,910.58",US,United States,166.6,19.2833,US,United States,166.6,19.2833,L,Large ,100,Remote 
195,2021,Research Scientist,SE,Senior ,FT,Full-time,"1,415,276,514.78",CA,Canada,-55,-10,CA,Canada,-55,-10,L,Large ,50,Hybrid
196,2021,Data Scientist,MI,Mid ,FT,Full-time,"2,164,594,448.02",US,United States,166.6,19.2833,US,United States,166.6,19.2833,L,Large ,50,Hybrid
197,2021,BI Data Analyst,EN,Entry ,FT,Full-time,"136,531,346.08",KE,Kenya,38,1,KE,Kenya,38,1,S,Small,100,Remote 
198,2021,Machine Learning Engineer,SE,Senior ,FT,Full-time,"358,439,197.86",IN,India,34.75,31.5,IN,India,34.75,31.5,L,Large ,100,Remote 
199,2021,Data Science Manager,SE,Senior ,FT,Full-time,"796,541,358.98",IN,India,34.75,31.5,US,United States,166.6,19.2833,L,Large ,50,Hybrid
200,2021,Data Science Consultant,EN,Entry ,FT,Full-time,"1,325,261,850.30",US,United States,166.6,19.2833,US,United States,166.6,19.2833,S,Small,100,Remote 
201,2021,Data Scientist,MI,Mid ,FT,Full-time,"905,109,583.88",DE,Germany,-55,-10,AT,Austria,45,40,M,Medium ,50,Hybrid
202,2021,Machine Learning Infrastructure Engineer,SE,Senior ,FT,Full-time,"2,871,400,768.18",US,United States,166.6,19.2833,US,United States,166.6,19.2833,M,Medium ,100,Remote 
203,2021,Data Scientist,MI,Mid ,FT,Full-time,"556,978,042.96",ES,Spain,30,27,ES,Spain,30,27,L,Large ,100,Remote 
204,2021,Research Scientist,SE,Senior ,FT,Full-time,"736,256,583.50",FR,France,2,46,US,United States,166.6,19.2833,S,Small,100,Remote 
205,2021,Data Scientist,MI,Mid ,FT,Full-time,"2,356,021,067.20",US,United States,166.6,19.2833,US,United States,166.6,19.2833,L,Large ,100,Remote 
206,2021,Data Scientist,MI,Mid ,FT,Full-time,"189,968,901.56",BR,Brazil,47.5,40.5,BR,Brazil,47.5,40.5,S,Small,0,On-site
207,2021,Machine Learning Engineer,SE,Senior ,FT,Full-time,"2,945,026,334.00",US,United States,166.6,19.2833,US,United States,166.6,19.2833,L,Large ,100,Remote 
208,2021,Data Engineer,SE,Senior ,FT,Full-time,"2,429,646,818.08",US,United States,166.6,19.2833,US,United States,166.6,19.2833,M,Medium ,0,On-site
209,2021,Data Engineer,MI,Mid ,FL,Freelance,"294,502,633.40",IT,Italy,12.8333,42.8333,US,United States,166.6,19.2833,L,Large ,0,On-site
210,2021,Data Analytics Manager,SE,Senior ,FT,Full-time,"1,767,015,800.40",US,United States,166.6,19.2833,US,United States,166.6,19.2833,L,Large ,0,On-site
211,2021,Machine Learning Engineer,MI,Mid ,FT,Full-time,"365,521,999.24",SI,Slovenia,159,-8,SI,Slovenia,159,-8,L,Large ,50,Hybrid
212,2021,Research Scientist,MI,Mid ,FT,Full-time,"835,474,466.84",FR,France,2,46,FR,France,2,46,S,Small,50,Hybrid
213,2021,Data Engineer,MI,Mid ,FT,Full-time,"972,182,730.28",HK,Hong Kong,-59,5,GB,United Kingdom,11.75,-1,S,Small,50,Hybrid
214,2021,Big Data Engineer,EN,Entry ,FT,Full-time,"86,613,261.68",IN,India,34.75,31.5,CH,Switzerland,-55,-10,L,Large ,0,On-site
215,2021,Machine Learning Engineer,EN,Entry ,FT,Full-time,"365,521,999.24",DE,Germany,-55,-10,DE,Germany,-55,-10,M,Medium ,50,Hybrid
216,2021,Principal Data Engineer,SE,Senior ,FT,Full-time,"2,724,149,451.48",US,United States,166.6,19.2833,US,United States,166.6,19.2833,L,Large ,100,Remote 
217,2021,Computer Vision Engineer,EN,Entry ,PT,Part-time,"421,271,324.24",DK,Denmark,-55,-10,DK,Denmark,-55,-10,S,Small,50,Hybrid
218,2021,Data Scientist,MI,Mid ,FT,Full-time,"1,336,070,094.54",DE,Germany,-55,-10,DE,Germany,-55,-10,L,Large ,50,Hybrid
219,2021,Machine Learning Engineer,MI,Mid ,FT,Full-time,"1,305,441,739.24",BE,Belgium,47.5,40.5,BE,Belgium,47.5,40.5,M,Medium ,100,Remote 
220,2021,Data Analytics Manager,SE,Senior ,FT,Full-time,"2,061,518,433.80",US,United States,166.6,19.2833,US,United States,166.6,19.2833,L,Large ,100,Remote 
221,2021,Machine Learning Engineer,MI,Mid ,FT,Full-time,"686,146,962.00",PL,Poland,-61.1333,13.8833,PL,Poland,-61.1333,13.8833,L,Large ,100,Remote 
222,2021,Data Scientist,MI,Mid ,FT,Full-time,"1,721,574,132.34",GB,United Kingdom,11.75,-1,GB,United Kingdom,11.75,-1,L,Large ,50,Hybrid
223,2021,Data Scientist,MI,Mid ,FT,Full-time,"497,827,315.16",IN,India,34.75,31.5,IN,India,34.75,31.5,M,Medium ,0,On-site
224,2021,Data Scientist,MI,Mid ,FT,Full-time,"828,377,045.72",GB,United Kingdom,11.75,-1,GB,United Kingdom,11.75,-1,L,Large ,50,Hybrid
225,2021,Machine Learning Scientist,SE,Senior ,FT,Full-time,"3,313,154,718.28",US,United States,166.6,19.2833,CA,Canada,-55,-10,L,Large ,100,Remote 
226,2021,Principal Data Scientist,EX,Executive ,CT,Contract,"6,125,654,774.72",US,United States,166.6,19.2833,US,United States,166.6,19.2833,S,Small,100,Remote 
227,2021,Data Scientist,SE,Senior ,FT,Full-time,"1,291,953,641.14",CA,Canada,-55,-10,CA,Canada,-55,-10,S,Small,100,Remote 
228,2021,Data Scientist,MI,Mid ,FT,Full-time,"1,305,441,739.24",DE,Germany,-55,-10,DE,Germany,-55,-10,L,Large ,50,Hybrid
229,2021,Data Scientist,SE,Senior ,FT,Full-time,"1,987,892,867.98",US,United States,166.6,19.2833,US,United States,166.6,19.2833,L,Large ,0,On-site
230,2021,Data Analyst,SE,Senior ,FT,Full-time,"1,057,058,278.56",CA,Canada,-55,-10,CA,Canada,-55,-10,M,Medium ,100,Remote 
231,2021,Big Data Engineer,EN,Entry ,FT,Full-time,"238,959,465.24",IN,India,34.75,31.5,IN,India,34.75,31.5,L,Large ,100,Remote 
232,2021,ML Engineer,SE,Senior ,FT,Full-time,"3,769,633,707.52",US,United States,166.6,19.2833,US,United States,166.6,19.2833,S,Small,100,Remote 
233,2021,Director of Data Engineering,SE,Senior ,FT,Full-time,"2,945,026,334.00",US,United States,166.6,19.2833,US,United States,166.6,19.2833,L,Large ,100,Remote 
234,2021,Data Analyst,SE,Senior ,FT,Full-time,"2,945,026,334.00",US,United States,166.6,19.2833,US,United States,166.6,19.2833,L,Large ,100,Remote 
235,2021,Data Architect,MI,Mid ,FT,Full-time,"2,650,523,700.60",US,United States,166.6,19.2833,US,United States,166.6,19.2833,L,Large ,100,Remote 
236,2021,Head of Data Science,MI,Mid ,FT,Full-time,"1,619,764,483.70",US,United States,166.6,19.2833,US,United States,166.6,19.2833,S,Small,0,On-site
237,2021,Research Scientist,MI,Mid ,FT,Full-time,"939,610,689.80",CA,Canada,-55,-10,CA,Canada,-55,-10,M,Medium ,100,Remote 
238,2021,Data Scientist,MI,Mid ,FT,Full-time,"689,268,739.14",ES,Spain,30,27,ES,Spain,30,27,M,Medium ,100,Remote 
239,2021,Data Scientist,EN,Entry ,FT,Full-time,"58,900,526.68",VN,Viet Nam,-64.8333,18.3333,VN,Viet Nam,-64.8333,18.3333,M,Medium ,0,On-site
240,2021,Data Engineer,EN,Entry ,FT,Full-time,"318,607,623.70",IN,India,34.75,31.5,IN,India,34.75,31.5,M,Medium ,50,Hybrid
241,2021,Data Scientist,SE,Senior ,FT,Full-time,"1,526,863,623.46",CA,Canada,-55,-10,CA,Canada,-55,-10,L,Large ,100,Remote 
242,2021,Data Analyst,MI,Mid ,FT,Full-time,"1,178,010,533.60",US,United States,166.6,19.2833,US,United States,166.6,19.2833,L,Large ,100,Remote 
243,2021,Data Engineer,MI,Mid ,FT,Full-time,"1,619,764,483.70",US,United States,166.6,19.2833,US,United States,166.6,19.2833,L,Large ,100,Remote 
244,2021,Data Scientist,SE,Senior ,FT,Full-time,"2,429,646,818.08",US,United States,166.6,19.2833,US,United States,166.6,19.2833,L,Large ,100,Remote 
245,2021,AI Scientist,EN,Entry ,FT,Full-time,"265,832,768.08",IN,India,34.75,31.5,AS,American Samoa,45,40,S,Small,100,Remote 
246,2021,Data Engineer,MI,Mid ,FT,Full-time,"1,063,331,257.38",GB,United Kingdom,11.75,-1,GB,United Kingdom,11.75,-1,L,Large ,50,Hybrid
247,2021,Data Scientist,EN,Entry ,FT,Full-time,"539,572,964.90",FR,France,2,46,FR,France,2,46,L,Large ,50,Hybrid
248,2021,Data Engineer,MI,Mid ,FT,Full-time,"178,218,331.80",TR,Turkey,-2,54,TR,Turkey,-2,54,M,Medium ,0,On-site
249,2021,Data Engineer,SE,Senior ,FT,Full-time,"1,417,765,201.66",GB,United Kingdom,11.75,-1,GB,United Kingdom,11.75,-1,L,Large ,50,Hybrid
250,2021,Principal Data Analyst,SE,Senior ,FT,Full-time,"2,503,272,383.90",US,United States,166.6,19.2833,US,United States,166.6,19.2833,M,Medium ,100,Remote 
251,2021,Data Scientist,MI,Mid ,FT,Full-time,"1,693,390,234.58",US,United States,166.6,19.2833,US,United States,166.6,19.2833,L,Large ,50,Hybrid
252,2021,Data Scientist,EN,Entry ,FT,Full-time,"1,325,261,850.30",US,United States,166.6,19.2833,US,United States,166.6,19.2833,S,Small,100,Remote 
253,2021,Principal Data Engineer,EX,Executive ,FT,Full-time,"8,835,079,002.00",US,United States,166.6,19.2833,US,United States,166.6,19.2833,L,Large ,100,Remote 
254,2021,Data Scientist,EN,Entry ,FT,Full-time,"418,178,971.64",IN,India,34.75,31.5,IN,India,34.75,31.5,M,Medium ,100,Remote 
255,2021,Data Analyst,MI,Mid ,FT,Full-time,"1,369,437,337.84",US,United States,166.6,19.2833,US,United States,166.6,19.2833,L,Large ,100,Remote 
256,2021,Big Data Architect,SE,Senior ,FT,Full-time,"1,468,139,829.08",CA,Canada,-55,-10,CA,Canada,-55,-10,M,Medium ,50,Hybrid
257,2021,Data Engineer,MI,Mid ,FT,Full-time,"2,945,026,334.00",US,United States,166.6,19.2833,US,United States,166.6,19.2833,L,Large ,100,Remote 
258,2021,Principal Data Scientist,SE,Senior ,FT,Full-time,"2,558,668,244.30",DE,Germany,-55,-10,DE,Germany,-55,-10,M,Medium ,100,Remote 
259,2021,Machine Learning Engineer,SE,Senior ,FT,Full-time,"2,724,149,451.48",US,United States,166.6,19.2833,US,United States,166.6,19.2833,L,Large ,50,Hybrid
260,2021,Director of Data Science,EX,Executive ,FT,Full-time,"2,088,700,971.90",DE,Germany,-55,-10,DE,Germany,-55,-10,L,Large ,0,On-site
261,2021,Data Scientist,MI,Mid ,FT,Full-time,"1,914,267,117.10",US,United States,166.6,19.2833,US,United States,166.6,19.2833,L,Large ,50,Hybrid
262,2021,Data Analyst,SE,Senior ,FT,Full-time,"939,919,925.06",DE,Germany,-55,-10,DE,Germany,-55,-10,L,Large ,50,Hybrid
263,2021,Data Scientist,MI,Mid ,FT,Full-time,"248,913,657.58",IN,India,34.75,31.5,IN,India,34.75,31.5,S,Small,100,Remote 
264,2021,Machine Learning Engineer,SE,Senior ,FT,Full-time,"975,760,865.38",IN,India,34.75,31.5,IN,India,34.75,31.5,L,Large ,0,On-site
265,2021,Data Scientist,MI,Mid ,FT,Full-time,"375,961,974.08",RS,Serbia,-56.3333,46.8333,DE,Germany,-55,-10,S,Small,100,Remote 
266,2021,Lead Data Engineer,SE,Senior ,FT,Full-time,"2,356,021,067.20",PR,Puerto Rico,-56.3333,46.8333,US,United States,166.6,19.2833,S,Small,50,Hybrid
267,2021,Data Engineer,MI,Mid ,FT,Full-time,"1,371,646,028.94",US,United States,166.6,19.2833,US,United States,166.6,19.2833,M,Medium ,0,On-site
268,2021,Data Engineer,MI,Mid ,FT,Full-time,"1,645,901,617.86",US,United States,166.6,19.2833,US,United States,166.6,19.2833,M,Medium ,0,On-site
269,2021,Data Engineer,MI,Mid ,FT,Full-time,"412,539,268.14",TR,Turkey,-2,54,TR,Turkey,-2,54,M,Medium ,100,Remote 
270,2021,Data Engineer,EN,Entry ,FT,Full-time,"957,325,003.12",DE,Germany,-55,-10,DE,Germany,-55,-10,M,Medium ,50,Hybrid
271,2021,Data Engineer,EN,Entry ,FT,Full-time,"1,067,572,092.34",US,United States,166.6,19.2833,US,United States,166.6,19.2833,L,Large ,100,Remote 
272,2021,Computer Vision Engineer,SE,Senior ,FT,Full-time,"278,408,150.26",BR,Brazil,47.5,40.5,BR,Brazil,47.5,40.5,M,Medium ,0,On-site
273,2021,Data Science Consultant,EN,Entry ,FT,Full-time,"1,131,375,968.78",DE,Germany,-55,-10,DE,Germany,-55,-10,L,Large ,0,On-site
274,2021,Machine Learning Engineer,EN,Entry ,FT,Full-time,"1,251,636,284.48",NL,Netherlands,-61.1333,13.8833,DE,Germany,-55,-10,S,Small,100,Remote 
275,2021,Data Scientist,SE,Senior ,FT,Full-time,"1,143,907,121.62",FR,France,2,46,FR,France,2,46,M,Medium ,50,Hybrid
276,2021,Data Scientist,EN,Entry ,FT,Full-time,"1,472,513,167.00",US,United States,166.6,19.2833,US,United States,166.6,19.2833,M,Medium ,100,Remote 
277,2021,Data Scientist,EN,Entry ,FT,Full-time,"854,057,636.86",US,United States,166.6,19.2833,US,United States,166.6,19.2833,L,Large ,50,Hybrid
278,2021,AI Scientist,SE,Senior ,FT,Full-time,"809,882,334.38",ES,Spain,30,27,ES,Spain,30,27,L,Large ,100,Remote 
279,2021,Data Scientist,SE,Senior ,FT,Full-time,"297,020,559.76",TR,Turkey,-2,54,TR,Turkey,-2,54,L,Large ,50,Hybrid
280,2021,Business Data Analyst,EN,Entry ,FT,Full-time,"870,284,808.02",LU,Luxembourg,105,18,LU,Luxembourg,105,18,L,Large ,100,Remote 
281,2021,Data Engineer,MI,Mid ,FT,Full-time,"1,649,214,747.04",US,United States,166.6,19.2833,US,United States,166.6,19.2833,L,Large ,100,Remote 
282,2021,Research Scientist,EN,Entry ,FT,Full-time,"1,472,513,167.00",JE,Jersey,12.8333,42.8333,CN,China,-55,-10,L,Large ,0,On-site
283,2021,Data Engineer,MI,Mid ,PT,Part-time,"1,026,945,315.36",NL,Netherlands,-61.1333,13.8833,NL,Netherlands,-61.1333,13.8833,L,Large ,100,Remote 
284,2021,Staff Data Scientist,SE,Senior ,CT,Contract,"1,546,138,917.88",US,United States,166.6,19.2833,US,United States,166.6,19.2833,M,Medium ,100,Remote 
285,2021,Research Scientist,MI,Mid ,FT,Full-time,"1,030,744,412.10",CZ,Czech Republic,-55,-10,CZ,Czech Republic,-55,-10,L,Large ,50,Hybrid
286,2021,Data Science Manager,SE,Senior ,FT,Full-time,"1,393,954,641.82",IN,India,34.75,31.5,IN,India,34.75,31.5,L,Large ,50,Hybrid
287,2021,Head of Data,SE,Senior ,FT,Full-time,"1,514,317,850.88",SI,Slovenia,159,-8,SI,Slovenia,159,-8,L,Large ,100,Remote 
288,2021,Data Scientist,MI,Mid ,FT,Full-time,"1,605,039,444.56",US,United States,166.6,19.2833,US,United States,166.6,19.2833,L,Large ,50,Hybrid
289,2021,Machine Learning Engineer,MI,Mid ,FT,Full-time,"751,924,133.22",IT,Italy,12.8333,42.8333,IT,Italy,12.8333,42.8333,L,Large ,50,Hybrid
290,2022,Data Engineer,SE,Senior ,FT,Full-time,"1,987,892,867.98",US,United States,166.6,19.2833,US,United States,166.6,19.2833,M,Medium ,100,Remote 
291,2022,Data Analyst,SE,Senior ,FT,Full-time,"2,282,395,501.38",US,United States,166.6,19.2833,US,United States,166.6,19.2833,M,Medium ,100,Remote 
292,2022,Data Analyst,SE,Senior ,FT,Full-time,"1,775,850,934.92",US,United States,166.6,19.2833,US,United States,166.6,19.2833,M,Medium ,100,Remote 
293,2022,Data Scientist,MI,Mid ,FT,Full-time,"1,914,267,117.10",US,United States,166.6,19.2833,US,United States,166.6,19.2833,M,Medium ,0,On-site
294,2022,Data Scientist,MI,Mid ,FT,Full-time,"1,325,261,850.30",US,United States,166.6,19.2833,US,United States,166.6,19.2833,M,Medium ,0,On-site
295,2022,Data Engineer,MI,Mid ,FT,Full-time,"2,503,272,383.90",US,United States,166.6,19.2833,US,United States,166.6,19.2833,M,Medium ,100,Remote 
296,2022,Data Engineer,MI,Mid ,FT,Full-time,"2,208,769,750.50",US,United States,166.6,19.2833,US,United States,166.6,19.2833,M,Medium ,100,Remote 
297,2022,Data Analyst,SE,Senior ,FT,Full-time,"1,503,435,952.76",US,United States,166.6,19.2833,US,United States,166.6,19.2833,M,Medium ,100,Remote 
298,2022,Data Analyst,SE,Senior ,FT,Full-time,"1,250,163,762.06",US,United States,166.6,19.2833,US,United States,166.6,19.2833,M,Medium ,100,Remote 
299,2022,Data Scientist,SE,Senior ,FT,Full-time,"2,011,747,472.10",US,United States,166.6,19.2833,US,United States,166.6,19.2833,M,Medium ,100,Remote 
300,2022,Data Scientist,SE,Senior ,FT,Full-time,"1,463,089,171.56",US,United States,166.6,19.2833,US,United States,166.6,19.2833,M,Medium ,100,Remote 
301,2022,Data Scientist,SE,Senior ,FT,Full-time,"1,734,458,564.72",GB,United Kingdom,11.75,-1,GB,United Kingdom,11.75,-1,M,Medium ,0,On-site
302,2022,Data Scientist,SE,Senior ,FT,Full-time,"1,541,750,775.16",GB,United Kingdom,11.75,-1,GB,United Kingdom,11.75,-1,M,Medium ,0,On-site
303,2022,Data Scientist,SE,Senior ,FT,Full-time,"2,149,869,223.82",US,United States,166.6,19.2833,US,United States,166.6,19.2833,M,Medium ,100,Remote 
304,2022,Data Scientist,SE,Senior ,FT,Full-time,"1,811,191,287.94",US,United States,166.6,19.2833,US,United States,166.6,19.2833,M,Medium ,100,Remote 
305,2022,Data Engineer,EN,Entry ,FT,Full-time,"770,875,387.58",GB,United Kingdom,11.75,-1,GB,United Kingdom,11.75,-1,M,Medium ,100,Remote 
306,2022,Data Analyst,SE,Senior ,FT,Full-time,"1,457,788,127.86",US,United States,166.6,19.2833,US,United States,166.6,19.2833,M,Medium ,0,On-site
307,2022,Data Analyst,SE,Senior ,FT,Full-time,"1,708,115,273.72",US,United States,166.6,19.2833,US,United States,166.6,19.2833,M,Medium ,0,On-site
308,2022,Data Analyst,MI,Mid ,FT,Full-time,"1,564,692,478.30",US,United States,166.6,19.2833,US,United States,166.6,19.2833,M,Medium ,0,On-site
309,2022,Data Analyst,MI,Mid ,FT,Full-time,"1,862,729,202.52",US,United States,166.6,19.2833,US,United States,166.6,19.2833,M,Medium ,0,On-site
310,2022,Data Engineer,EX,Executive ,FT,Full-time,"3,563,481,864.14",US,United States,166.6,19.2833,US,United States,166.6,19.2833,M,Medium ,100,Remote 
311,2022,Data Engineer,EX,Executive ,FT,Full-time,"2,945,026,334.00",US,United States,166.6,19.2833,US,United States,166.6,19.2833,M,Medium ,100,Remote 
312,2022,Data Scientist,MI,Mid ,FT,Full-time,"963,583,177.14",GB,United Kingdom,11.75,-1,GB,United Kingdom,11.75,-1,M,Medium ,0,On-site
313,2022,Data Scientist,MI,Mid ,FT,Full-time,"578,152,793.22",GB,United Kingdom,11.75,-1,GB,United Kingdom,11.75,-1,M,Medium ,0,On-site
314,2022,Data Engineer,MI,Mid ,FT,Full-time,"1,156,305,771.50",GB,United Kingdom,11.75,-1,GB,United Kingdom,11.75,-1,M,Medium ,0,On-site
315,2022,Data Engineer,MI,Mid ,FT,Full-time,"770,875,387.58",GB,United Kingdom,11.75,-1,GB,United Kingdom,11.75,-1,M,Medium ,0,On-site
316,2022,Data Scientist,SE,Senior ,FT,Full-time,"2,432,886,293.38",US,United States,166.6,19.2833,US,United States,166.6,19.2833,M,Medium ,100,Remote 
317,2022,Data Engineer,EN,Entry ,FT,Full-time,"674,514,090.40",GB,United Kingdom,11.75,-1,GB,United Kingdom,11.75,-1,M,Medium ,100,Remote 
318,2022,Data Scientist,SE,Senior ,FT,Full-time,"1,769,371,799.26",US,United States,166.6,19.2833,US,United States,166.6,19.2833,M,Medium ,100,Remote 
319,2022,Data Analyst,SE,Senior ,FT,Full-time,"1,329,973,848.02",US,United States,166.6,19.2833,US,United States,166.6,19.2833,M,Medium ,100,Remote 
320,2022,Data Engineer,SE,Senior ,FT,Full-time,"2,679,090,487.50",US,United States,166.6,19.2833,US,United States,166.6,19.2833,M,Medium ,0,On-site
321,2022,Data Engineer,SE,Senior ,FT,Full-time,"1,948,429,378.16",US,United States,166.6,19.2833,US,United States,166.6,19.2833,M,Medium ,0,On-site
322,2022,Data Engineer,SE,Senior ,FT,Full-time,"3,241,148,797.58",US,United States,166.6,19.2833,US,United States,166.6,19.2833,M,Medium ,0,On-site
323,2022,Data Engineer,SE,Senior ,FT,Full-time,"2,357,199,159.16",US,United States,166.6,19.2833,US,United States,166.6,19.2833,M,Medium ,0,On-site
324,2022,Data Scientist,SE,Senior ,FT,Full-time,"2,650,523,700.60",US,United States,166.6,19.2833,US,United States,166.6,19.2833,L,Large ,0,On-site
325,2022,Data Scientist,SE,Senior ,FT,Full-time,"1,767,015,800.40",US,United States,166.6,19.2833,US,United States,166.6,19.2833,L,Large ,0,On-site
326,2022,Data Analyst,SE,Senior ,FT,Full-time,"1,828,714,064.16",US,United States,166.6,19.2833,US,United States,166.6,19.2833,M,Medium ,100,Remote 
327,2022,Data Analyst,EX,Executive ,FT,Full-time,"1,914,267,117.10",US,United States,166.6,19.2833,US,United States,166.6,19.2833,M,Medium ,100,Remote 
328,2022,Data Analyst,EX,Executive ,FT,Full-time,"1,619,764,483.70",US,United States,166.6,19.2833,US,United States,166.6,19.2833,M,Medium ,100,Remote 
329,2022,Data Analyst,SE,Senior ,FT,Full-time,"2,503,272,383.90",US,United States,166.6,19.2833,US,United States,166.6,19.2833,M,Medium ,100,Remote 
330,2022,Data Analyst,MI,Mid ,FT,Full-time,"1,700,752,661.62",US,United States,166.6,19.2833,US,United States,166.6,19.2833,M,Medium ,100,Remote 
331,2022,Data Analyst,SE,Senior ,FT,Full-time,"1,662,467,448.82",US,United States,166.6,19.2833,US,United States,166.6,19.2833,M,Medium ,100,Remote 
332,2022,Data Analyst,SE,Senior ,FT,Full-time,"1,329,973,848.02",US,United States,166.6,19.2833,US,United States,166.6,19.2833,M,Medium ,100,Remote 
333,2022,Data Analyst,SE,Senior ,FT,Full-time,"1,662,467,448.82",US,United States,166.6,19.2833,US,United States,166.6,19.2833,M,Medium ,100,Remote 
334,2022,Data Analyst,SE,Senior ,FT,Full-time,"1,329,973,848.02",US,United States,166.6,19.2833,US,United States,166.6,19.2833,M,Medium ,100,Remote 
335,2022,Data Engineer,SE,Senior ,FT,Full-time,"2,435,536,722.70",US,United States,166.6,19.2833,US,United States,166.6,19.2833,M,Medium ,100,Remote 
336,2022,Data Engineer,SE,Senior ,FT,Full-time,"1,948,429,378.16",US,United States,166.6,19.2833,US,United States,166.6,19.2833,M,Medium ,100,Remote 
337,2022,Data Analyst,MI,Mid ,FT,Full-time,"2,459,097,081.42",US,United States,166.6,19.2833,US,United States,166.6,19.2833,M,Medium ,100,Remote 
338,2022,Data Engineer,SE,Senior ,FT,Full-time,"3,591,459,605.06",US,United States,166.6,19.2833,US,United States,166.6,19.2833,M,Medium ,100,Remote 
339,2022,Data Analyst,SE,Senior ,FT,Full-time,"2,011,453,041.64",US,United States,166.6,19.2833,US,United States,166.6,19.2833,M,Medium ,100,Remote 
340,2022,Data Analyst,SE,Senior ,FT,Full-time,"1,609,162,396.30",US,United States,166.6,19.2833,US,United States,166.6,19.2833,M,Medium ,100,Remote 
341,2022,Data Engineer,SE,Senior ,FT,Full-time,"1,897,701,286.14",US,United States,166.6,19.2833,US,United States,166.6,19.2833,M,Medium ,100,Remote 
342,2022,Data Engineer,SE,Senior ,FT,Full-time,"1,379,744,809.72",US,United States,166.6,19.2833,US,United States,166.6,19.2833,M,Medium ,100,Remote 
343,2022,Head of Data Science,EX,Executive ,FT,Full-time,"3,298,429,494.08",US,United States,166.6,19.2833,US,United States,166.6,19.2833,M,Medium ,100,Remote 
344,2022,Head of Data Science,EX,Executive ,FT,Full-time,"2,471,981,513.80",US,United States,166.6,19.2833,US,United States,166.6,19.2833,M,Medium ,100,Remote 
345,2022,Analytics Engineer,EX,Executive ,FT,Full-time,"2,576,898,134.78",US,United States,166.6,19.2833,US,United States,166.6,19.2833,M,Medium ,100,Remote 
346,2022,Data Engineer,SE,Senior ,FT,Full-time,"2,305,955,675.04",US,United States,166.6,19.2833,US,United States,166.6,19.2833,M,Medium ,100,Remote 
347,2022,Data Engineer,SE,Senior ,FT,Full-time,"1,602,094,399.72",US,United States,166.6,19.2833,US,United States,166.6,19.2833,M,Medium ,0,On-site
348,2022,Data Scientist,SE,Senior ,FT,Full-time,"1,406,986,381.96",US,United States,166.6,19.2833,US,United States,166.6,19.2833,M,Medium ,0,On-site
349,2022,Data Engineer,SE,Senior ,FT,Full-time,"1,663,939,971.24",US,United States,166.6,19.2833,US,United States,166.6,19.2833,L,Large ,0,On-site
350,2022,Data Analyst,SE,Senior ,FT,Full-time,"1,987,892,867.98",US,United States,166.6,19.2833,US,United States,166.6,19.2833,M,Medium ,100,Remote 
351,2022,Data Science Manager,SE,Senior ,FT,Full-time,"2,375,782,144.12",US,United States,166.6,19.2833,US,United States,166.6,19.2833,M,Medium ,100,Remote 
352,2022,Data Science Manager,SE,Senior ,FT,Full-time,"2,019,419,319.46",US,United States,166.6,19.2833,US,United States,166.6,19.2833,M,Medium ,100,Remote 
353,2022,Data Scientist,SE,Senior ,FT,Full-time,"2,459,097,081.42",US,United States,166.6,19.2833,US,United States,166.6,19.2833,M,Medium ,100,Remote 
354,2022,Data Scientist,SE,Senior ,FT,Full-time,"1,811,191,287.94",US,United States,166.6,19.2833,US,United States,166.6,19.2833,M,Medium ,100,Remote 
355,2022,Data Engineer,SE,Senior ,FT,Full-time,"1,156,305,771.50",GB,United Kingdom,11.75,-1,GB,United Kingdom,11.75,-1,M,Medium ,0,On-site
356,2022,Data Engineer,SE,Senior ,FT,Full-time,"963,583,177.14",GB,United Kingdom,11.75,-1,GB,United Kingdom,11.75,-1,M,Medium ,0,On-site
357,2022,Data Scientist,SE,Senior ,FT,Full-time,"2,208,769,750.50",US,United States,166.6,19.2833,US,United States,166.6,19.2833,M,Medium ,0,On-site
358,2022,Data Scientist,SE,Senior ,FT,Full-time,"3,114,365,301.94",US,United States,166.6,19.2833,US,United States,166.6,19.2833,M,Medium ,100,Remote 
359,2022,Data Architect,SE,Senior ,FT,Full-time,"2,833,115,370.32",CA,Canada,-55,-10,CA,Canada,-55,-10,M,Medium ,100,Remote 
360,2022,Data Architect,SE,Senior ,FT,Full-time,"1,335,569,507.24",CA,Canada,-55,-10,CA,Canada,-55,-10,M,Medium ,100,Remote 
361,2022,Data Analyst,SE,Senior ,FT,Full-time,"1,914,267,117.10",CA,Canada,-55,-10,CA,Canada,-55,-10,M,Medium ,100,Remote 
362,2022,Data Analyst,SE,Senior ,FT,Full-time,"902,650,506.60",CA,Canada,-55,-10,CA,Canada,-55,-10,M,Medium ,100,Remote 
363,2022,Data Analyst,SE,Senior ,FT,Full-time,"1,914,267,117.10",CA,Canada,-55,-10,CA,Canada,-55,-10,M,Medium ,100,Remote 
364,2022,Data Analyst,SE,Senior ,FT,Full-time,"902,650,506.60",CA,Canada,-55,-10,CA,Canada,-55,-10,M,Medium ,100,Remote 
365,2022,Data Engineer,SE,Senior ,FT,Full-time,"2,356,021,067.20",US,United States,166.6,19.2833,US,United States,166.6,19.2833,L,Large ,0,On-site
366,2022,Data Scientist,SE,Senior ,FT,Full-time,"2,040,903,304.98",US,United States,166.6,19.2833,US,United States,166.6,19.2833,M,Medium ,100,Remote 
367,2022,Data Engineer,SE,Senior ,FT,Full-time,"2,002,617,907.12",US,United States,166.6,19.2833,US,United States,166.6,19.2833,M,Medium ,0,On-site
368,2022,Data Analyst,MI,Mid ,FT,Full-time,"854,057,636.86",US,United States,166.6,19.2833,US,United States,166.6,19.2833,S,Small,0,On-site
369,2022,Analytics Engineer,EX,Executive ,FT,Full-time,"1,987,892,867.98",US,United States,166.6,19.2833,US,United States,166.6,19.2833,M,Medium ,100,Remote 
370,2022,Data Scientist,SE,Senior ,FT,Full-time,"2,503,272,383.90",US,United States,166.6,19.2833,US,United States,166.6,19.2833,M,Medium ,100,Remote 
371,2022,Data Scientist,SE,Senior ,FT,Full-time,"1,811,191,287.94",US,United States,166.6,19.2833,US,United States,166.6,19.2833,M,Medium ,100,Remote 
372,2022,Machine Learning Engineer,SE,Senior ,FT,Full-time,"2,792,621,281.36",US,United States,166.6,19.2833,US,United States,166.6,19.2833,M,Medium ,0,On-site
373,2022,Machine Learning Engineer,SE,Senior ,FT,Full-time,"2,429,587,783.94",US,United States,166.6,19.2833,US,United States,166.6,19.2833,M,Medium ,0,On-site
374,2022,ETL Developer,MI,Mid ,FT,Full-time,"809,249,059.06",GR,Greece,-10,11,GR,Greece,-10,11,M,Medium ,0,On-site
375,2022,ETL Developer,MI,Mid ,FT,Full-time,"809,249,059.06",GR,Greece,-10,11,GR,Greece,-10,11,M,Medium ,0,On-site
376,2022,Lead Data Engineer,EX,Executive ,FT,Full-time,"1,740,319,044.80",CA,Canada,-55,-10,CA,Canada,-55,-10,S,Small,100,Remote 
377,2022,Data Analyst,SE,Senior ,FT,Full-time,"1,943,717,380.44",US,United States,166.6,19.2833,US,United States,166.6,19.2833,M,Medium ,0,On-site
378,2022,Data Engineer,SE,Senior ,FT,Full-time,"2,435,536,722.70",US,United States,166.6,19.2833,US,United States,166.6,19.2833,M,Medium ,100,Remote 
379,2022,Data Architect,SE,Senior ,FT,Full-time,"3,074,239,297.32",US,United States,166.6,19.2833,US,United States,166.6,19.2833,M,Medium ,100,Remote 
380,2022,Data Architect,SE,Senior ,FT,Full-time,"2,176,374,442.32",US,United States,166.6,19.2833,US,United States,166.6,19.2833,M,Medium ,100,Remote 
381,2022,Data Engineer,SE,Senior ,FT,Full-time,"2,017,254,672.64",US,United States,166.6,19.2833,US,United States,166.6,19.2833,M,Medium ,100,Remote 
382,2022,Data Engineer,SE,Senior ,FT,Full-time,"1,495,631,602.44",US,United States,166.6,19.2833,US,United States,166.6,19.2833,M,Medium ,100,Remote 
383,2022,Data Analyst,SE,Senior ,FT,Full-time,"1,897,701,286.14",US,United States,166.6,19.2833,US,United States,166.6,19.2833,M,Medium ,100,Remote 
384,2022,Data Analyst,SE,Senior ,FT,Full-time,"1,379,744,809.72",US,United States,166.6,19.2833,US,United States,166.6,19.2833,M,Medium ,100,Remote 
385,2022,Head of Machine Learning,EX,Executive ,FT,Full-time,"1,163,859,735.64",IN,India,34.75,31.5,IN,India,34.75,31.5,L,Large ,50,Hybrid
386,2022,Data Engineer,SE,Senior ,FT,Full-time,"1,948,429,378.16",US,United States,166.6,19.2833,US,United States,166.6,19.2833,M,Medium ,100,Remote 
387,2022,Machine Learning Engineer,EN,Entry ,FT,Full-time,"549,247,346.52",GB,United Kingdom,11.75,-1,GB,United Kingdom,11.75,-1,L,Large ,100,Remote 
388,2022,Data Analyst,SE,Senior ,FT,Full-time,"2,414,921,593.88",US,United States,166.6,19.2833,US,United States,166.6,19.2833,M,Medium ,0,On-site
389,2022,Data Engineer,SE,Senior ,FT,Full-time,"2,282,395,501.38",US,United States,166.6,19.2833,US,United States,166.6,19.2833,M,Medium ,100,Remote 
390,2022,Machine Learning Engineer,MI,Mid ,FT,Full-time,"1,830,819,861.90",GB,United Kingdom,11.75,-1,GB,United Kingdom,11.75,-1,M,Medium ,0,On-site
391,2022,Machine Learning Engineer,MI,Mid ,FT,Full-time,"1,445,389,477.98",GB,United Kingdom,11.75,-1,GB,United Kingdom,11.75,-1,M,Medium ,0,On-site
392,2022,AI Scientist,MI,Mid ,FT,Full-time,"1,767,015,800.40",US,United States,166.6,19.2833,US,United States,166.6,19.2833,M,Medium ,0,On-site
393,2022,Data Analyst,SE,Senior ,FT,Full-time,"1,662,467,448.82",US,United States,166.6,19.2833,US,United States,166.6,19.2833,M,Medium ,100,Remote 
394,2022,Data Analyst,SE,Senior ,FT,Full-time,"1,329,973,848.02",US,United States,166.6,19.2833,US,United States,166.6,19.2833,M,Medium ,100,Remote 
395,2022,Data Analytics Manager,SE,Senior ,FT,Full-time,"2,135,144,184.68",US,United States,166.6,19.2833,US,United States,166.6,19.2833,M,Medium ,100,Remote 
396,2022,Data Analytics Manager,SE,Senior ,FT,Full-time,"1,552,028,822.50",US,United States,166.6,19.2833,US,United States,166.6,19.2833,M,Medium ,100,Remote 
397,2022,Machine Learning Engineer,MI,Mid ,FT,Full-time,"1,294,810,227.30",FR,France,2,46,DE,Germany,-55,-10,M,Medium ,100,Remote 
398,2022,Data Engineer,MI,Mid ,FT,Full-time,"1,734,458,564.72",GB,United Kingdom,11.75,-1,GB,United Kingdom,11.75,-1,M,Medium ,0,On-site
399,2022,Data Scientist,SE,Senior ,FT,Full-time,"3,170,320,783.78",US,United States,166.6,19.2833,US,United States,166.6,19.2833,L,Large ,100,Remote 
400,2022,Data Scientist,SE,Senior ,FT,Full-time,"2,329,515,848.70",US,United States,166.6,19.2833,US,United States,166.6,19.2833,L,Large ,100,Remote 
401,2022,Data Engineer,SE,Senior ,FT,Full-time,"3,079,024,948.92",US,United States,166.6,19.2833,US,United States,166.6,19.2833,L,Large ,100,Remote 
402,2022,Data Engineer,SE,Senior ,FT,Full-time,"2,276,505,411.70",US,United States,166.6,19.2833,US,United States,166.6,19.2833,L,Large ,100,Remote 
403,2022,Data Analyst,SE,Senior ,FT,Full-time,"1,707,143,338.60",US,United States,166.6,19.2833,US,United States,166.6,19.2833,M,Medium ,0,On-site
404,2022,Data Analyst,SE,Senior ,FT,Full-time,"1,202,542,642.38",US,United States,166.6,19.2833,US,United States,166.6,19.2833,M,Medium ,0,On-site
405,2022,Data Engineer,SE,Senior ,FT,Full-time,"2,576,898,134.78",US,United States,166.6,19.2833,US,United States,166.6,19.2833,M,Medium ,100,Remote 
406,2022,Data Engineer,MI,Mid ,FT,Full-time,"1,445,389,477.98",GB,United Kingdom,11.75,-1,GB,United Kingdom,11.75,-1,M,Medium ,0,On-site
407,2022,Data Analyst,MI,Mid ,FT,Full-time,"854,057,636.86",US,United States,166.6,19.2833,US,United States,166.6,19.2833,S,Small,0,On-site
408,2022,Data Engineer,SE,Senior ,FT,Full-time,"2,703,534,137.60",US,United States,166.6,19.2833,US,United States,166.6,19.2833,L,Large ,100,Remote 
409,2022,Data Analyst,MI,Mid ,FT,Full-time,"770,875,387.58",GB,United Kingdom,11.75,-1,GB,United Kingdom,11.75,-1,M,Medium ,100,Remote 
410,2022,Data Scientist,SE,Senior ,FT,Full-time,"2,650,523,700.60",US,United States,166.6,19.2833,US,United States,166.6,19.2833,M,Medium ,100,Remote 
411,2022,Data Scientist,MI,Mid ,FT,Full-time,"1,059,944,474.32",GB,United Kingdom,11.75,-1,GB,United Kingdom,11.75,-1,M,Medium ,0,On-site
412,2022,Data Scientist,MI,Mid ,FT,Full-time,"674,514,090.40",GB,United Kingdom,11.75,-1,GB,United Kingdom,11.75,-1,M,Medium ,0,On-site
413,2022,Data Engineer,MI,Mid ,FT,Full-time,"971,107,716.74",GR,Greece,-10,11,GR,Greece,-10,11,M,Medium ,100,Remote 
414,2022,Data Engineer,MI,Mid ,FT,Full-time,"728,319,730.22",GR,Greece,-10,11,GR,Greece,-10,11,M,Medium ,100,Remote 
415,2022,Data Engineer,MI,Mid ,FT,Full-time,"1,156,305,771.50",GB,United Kingdom,11.75,-1,GB,United Kingdom,11.75,-1,M,Medium ,100,Remote 
416,2022,Data Engineer,MI,Mid ,FT,Full-time,"867,221,879.96",GB,United Kingdom,11.75,-1,GB,United Kingdom,11.75,-1,M,Medium ,100,Remote 
417,2022,Data Scientist,SE,Senior ,FT,Full-time,"3,828,534,234.20",US,United States,166.6,19.2833,US,United States,166.6,19.2833,M,Medium ,100,Remote 
418,2022,Data Science Engineer,SE,Senior ,FT,Full-time,"883,507,900.20",AR,Argentina,45,40,MX,Mexico,-61.1333,13.8833,L,Large ,100,Remote 
419,2022,Data Engineer,MI,Mid ,FT,Full-time,"940,935,904.46",US,United States,166.6,19.2833,US,United States,166.6,19.2833,M,Medium ,0,On-site
420,2022,Machine Learning Scientist,MI,Mid ,FT,Full-time,"2,356,021,067.20",US,United States,166.6,19.2833,US,United States,166.6,19.2833,L,Large ,100,Remote 
421,2022,Machine Learning Scientist,MI,Mid ,FT,Full-time,"1,653,632,314.30",US,United States,166.6,19.2833,US,United States,166.6,19.2833,L,Large ,100,Remote 
422,2022,Data Science Manager,MI,Mid ,FT,Full-time,"3,548,756,825.00",US,United States,166.6,19.2833,US,United States,166.6,19.2833,M,Medium ,100,Remote 
423,2022,Data Science Manager,MI,Mid ,FT,Full-time,"2,341,296,028.06",US,United States,166.6,19.2833,US,United States,166.6,19.2833,M,Medium ,100,Remote 
424,2022,Data Scientist,SE,Senior ,FT,Full-time,"2,650,523,700.60",US,United States,166.6,19.2833,US,United States,166.6,19.2833,M,Medium ,0,On-site
425,2022,Data Scientist,SE,Senior ,FT,Full-time,"1,178,010,533.60",US,United States,166.6,19.2833,US,United States,166.6,19.2833,M,Medium ,0,On-site
426,2022,Data Engineer,MI,Mid ,FT,Full-time,"1,220,713,498.72",US,United States,166.6,19.2833,US,United States,166.6,19.2833,M,Medium ,0,On-site
427,2022,Data Engineer,SE,Senior ,FT,Full-time,"1,484,293,346.36",US,United States,166.6,19.2833,US,United States,166.6,19.2833,L,Large ,100,Remote 
428,2022,Data Engineer,MI,Mid ,FT,Full-time,"728,319,730.22",ES,Spain,30,27,ES,Spain,30,27,M,Medium ,100,Remote 
429,2022,Data Scientist,SE,Senior ,FT,Full-time,"2,067,408,523.48",US,United States,166.6,19.2833,US,United States,166.6,19.2833,L,Large ,0,On-site
430,2022,Data Analyst,MI,Mid ,FT,Full-time,"578,152,793.22",GB,United Kingdom,11.75,-1,GB,United Kingdom,11.75,-1,M,Medium ,100,Remote 
431,2022,Data Analyst,MI,Mid ,FT,Full-time,"647,405,206.18",ES,Spain,30,27,ES,Spain,30,27,M,Medium ,100,Remote 
432,2022,Data Analyst,MI,Mid ,FT,Full-time,"485,546,548.50",ES,Spain,30,27,ES,Spain,30,27,M,Medium ,100,Remote 
433,2022,Data Engineer,MI,Mid ,FT,Full-time,"1,294,810,227.30",ES,Spain,30,27,ES,Spain,30,27,M,Medium ,100,Remote 
434,2022,Data Engineer,MI,Mid ,FT,Full-time,"1,132,951,569.62",ES,Spain,30,27,ES,Spain,30,27,M,Medium ,100,Remote 
435,2022,Data Engineer,MI,Mid ,FT,Full-time,"1,541,750,775.16",GB,United Kingdom,11.75,-1,GB,United Kingdom,11.75,-1,M,Medium ,100,Remote 
436,2022,Data Engineer,MI,Mid ,FT,Full-time,"1,349,028,180.80",GB,United Kingdom,11.75,-1,GB,United Kingdom,11.75,-1,M,Medium ,100,Remote 
437,2022,Data Engineer,MI,Mid ,FT,Full-time,"971,107,716.74",ES,Spain,30,27,ES,Spain,30,27,M,Medium ,100,Remote 
438,2022,Data Engineer,MI,Mid ,FT,Full-time,"1,294,810,227.30",GR,Greece,-10,11,GR,Greece,-10,11,M,Medium ,100,Remote 
439,2022,Machine Learning Engineer,SE,Senior ,FT,Full-time,"2,792,621,281.36",US,United States,166.6,19.2833,US,United States,166.6,19.2833,M,Medium ,0,On-site
440,2022,Machine Learning Engineer,SE,Senior ,FT,Full-time,"2,429,587,783.94",US,United States,166.6,19.2833,US,United States,166.6,19.2833,M,Medium ,0,On-site
441,2022,Data Analyst,MI,Mid ,FT,Full-time,"647,405,206.18",GR,Greece,-10,11,GR,Greece,-10,11,M,Medium ,100,Remote 
442,2022,Data Analyst,MI,Mid ,FT,Full-time,"485,546,548.50",GR,Greece,-10,11,GR,Greece,-10,11,M,Medium ,100,Remote 
443,2022,Data Engineer,MI,Mid ,FT,Full-time,"1,445,389,477.98",GB,United Kingdom,11.75,-1,GB,United Kingdom,11.75,-1,M,Medium ,100,Remote 
444,2022,Data Engineer,MI,Mid ,FT,Full-time,"1,156,305,771.50",GB,United Kingdom,11.75,-1,GB,United Kingdom,11.75,-1,M,Medium ,100,Remote 
445,2022,Data Scientist,SE,Senior ,FT,Full-time,"3,170,320,783.78",US,United States,166.6,19.2833,US,United States,166.6,19.2833,L,Large ,0,On-site
446,2022,Data Engineer,MI,Mid ,FT,Full-time,"1,132,951,569.62",GR,Greece,-10,11,GR,Greece,-10,11,M,Medium ,100,Remote 
447,2022,Data Engineer,SE,Senior ,FT,Full-time,"3,079,024,948.92",US,United States,166.6,19.2833,US,United States,166.6,19.2833,L,Large ,100,Remote 
448,2022,Data Engineer,SE,Senior ,FT,Full-time,"2,276,505,411.70",US,United States,166.6,19.2833,US,United States,166.6,19.2833,L,Large ,100,Remote 
449,2022,Data Engineer,SE,Senior ,FT,Full-time,"2,650,523,700.60",US,United States,166.6,19.2833,US,United States,166.6,19.2833,M,Medium ,100,Remote 
450,2022,ML Engineer,EN,Entry ,FT,Full-time,"323,702,510.56",PT,Portugal,-56.3333,46.8333,PT,Portugal,-56.3333,46.8333,L,Large ,100,Remote 
451,2022,Data Engineer,SE,Senior ,FT,Full-time,"1,178,010,533.60",US,United States,166.6,19.2833,US,United States,166.6,19.2833,M,Medium ,100,Remote 
452,2022,Machine Learning Developer,MI,Mid ,FT,Full-time,"1,160,207,761.60",CA,Canada,-55,-10,CA,Canada,-55,-10,M,Medium ,100,Remote 
453,2022,Director of Data Science,EX,Executive ,FT,Full-time,"2,900,541,796.26",CA,Canada,-55,-10,CA,Canada,-55,-10,L,Large ,50,Hybrid
454,2022,Machine Learning Engineer,MI,Mid ,FT,Full-time,"1,767,015,800.40",US,United States,166.6,19.2833,US,United States,166.6,19.2833,S,Small,100,Remote 
455,2022,Computer Vision Engineer,EN,Entry ,FT,Full-time,"1,840,641,551.28",US,United States,166.6,19.2833,US,United States,166.6,19.2833,M,Medium ,0,On-site
456,2022,NLP Engineer,MI,Mid ,FT,Full-time,"548,305,021.00",US,United States,166.6,19.2833,US,United States,166.6,19.2833,L,Large ,50,Hybrid
457,2022,Data Engineer,SE,Senior ,FT,Full-time,"1,546,138,917.88",US,United States,166.6,19.2833,US,United States,166.6,19.2833,M,Medium ,100,Remote 
458,2022,Lead Machine Learning Engineer,SE,Senior ,FT,Full-time,"1,294,810,227.30",DE,Germany,-55,-10,DE,Germany,-55,-10,M,Medium ,0,On-site
459,2022,Business Data Analyst,MI,Mid ,FT,Full-time,"271,560,930.26",IN,India,34.75,31.5,IN,India,34.75,31.5,M,Medium ,100,Remote 
460,2022,Data Scientist,MI,Mid ,FT,Full-time,"465,535,085.40",IN,India,34.75,31.5,IN,India,34.75,31.5,L,Large ,100,Remote 
461,2022,Machine Learning Infrastructure Engineer,MI,Mid ,FT,Full-time,"857,812,504.26",PT,Portugal,-56.3333,46.8333,PT,Portugal,-56.3333,46.8333,L,Large ,50,Hybrid
462,2022,Financial Data Analyst,EN,Entry ,FT,Full-time,"1,472,513,167.00",US,United States,166.6,19.2833,US,United States,166.6,19.2833,L,Large ,50,Hybrid
463,2022,Data Engineer,MI,Mid ,PT,Part-time,"809,249,059.06",DE,Germany,-55,-10,DE,Germany,-55,-10,L,Large ,50,Hybrid
464,2022,Data Scientist,EN,Entry ,FT,Full-time,"271,560,930.26",IN,India,34.75,31.5,IN,India,34.75,31.5,M,Medium ,100,Remote 
465,2022,Principal Data Scientist,SE,Senior ,FT,Full-time,"2,395,396,098.34",DE,Germany,-55,-10,DE,Germany,-55,-10,M,Medium ,100,Remote 
466,2022,Data Engineer,EN,Entry ,FT,Full-time,"1,767,015,800.40",US,United States,166.6,19.2833,US,United States,166.6,19.2833,M,Medium ,100,Remote 
467,2022,Research Scientist,SE,Senior ,FT,Full-time,"2,120,418,960.48",US,United States,166.6,19.2833,US,United States,166.6,19.2833,L,Large ,50,Hybrid
468,2022,Data Scientist,SE,Senior ,FT,Full-time,"1,544,519,087.70",US,United States,166.6,19.2833,US,United States,166.6,19.2833,M,Medium ,100,Remote 
469,2022,Data Engineer,SE,Senior ,FT,Full-time,"1,472,513,167.00",US,United States,166.6,19.2833,US,United States,166.6,19.2833,M,Medium ,100,Remote 
470,2022,Data Scientist,SE,Senior ,FT,Full-time,"2,061,518,433.80",US,United States,166.6,19.2833,US,United States,166.6,19.2833,M,Medium ,100,Remote 
471,2022,Data Analyst,MI,Mid ,FT,Full-time,"1,987,892,867.98",US,United States,166.6,19.2833,US,United States,166.6,19.2833,M,Medium ,100,Remote 
472,2022,Data Analyst,MI,Mid ,FT,Full-time,"736,256,583.50",US,United States,166.6,19.2833,US,United States,166.6,19.2833,M,Medium ,100,Remote 
473,2022,Data Scientist,SE,Senior ,FT,Full-time,"3,239,528,967.40",US,United States,166.6,19.2833,US,United States,166.6,19.2833,M,Medium ,100,Remote 
474,2022,Data Scientist,SE,Senior ,FT,Full-time,"2,061,518,433.80",US,United States,166.6,19.2833,US,United States,166.6,19.2833,M,Medium ,100,Remote 
475,2022,Data Scientist,MI,Mid ,FT,Full-time,"2,698,056,361.60",GB,United Kingdom,11.75,-1,GB,United Kingdom,11.75,-1,M,Medium ,0,On-site
476,2022,Data Scientist,MI,Mid ,FT,Full-time,"1,349,028,180.80",GB,United Kingdom,11.75,-1,GB,United Kingdom,11.75,-1,M,Medium ,0,On-site
477,2022,Data Scientist,SE,Senior ,FT,Full-time,"2,725,621,788.84",US,United States,166.6,19.2833,US,United States,166.6,19.2833,M,Medium ,100,Remote 
478,2022,Machine Learning Engineer,SE,Senior ,FT,Full-time,"3,239,528,967.40",US,United States,166.6,19.2833,US,United States,166.6,19.2833,M,Medium ,100,Remote 
479,2022,Data Scientist,MI,Mid ,FT,Full-time,"2,945,026,334.00",US,United States,166.6,19.2833,US,United States,166.6,19.2833,M,Medium ,100,Remote 
480,2022,Data Scientist,MI,Mid ,FT,Full-time,"1,767,015,800.40",US,United States,166.6,19.2833,US,United States,166.6,19.2833,M,Medium ,100,Remote 
481,2022,Machine Learning Engineer,SE,Senior ,FT,Full-time,"1,767,015,800.40",AE,United Arab Emirates,54,24,AE,United Arab Emirates,54,24,S,Small,100,Remote 
482,2022,Machine Learning Engineer,SE,Senior ,FT,Full-time,"957,133,651.08",AE,United Arab Emirates,54,24,AE,United Arab Emirates,54,24,S,Small,100,Remote 
483,2022,Data Engineer,EX,Executive ,FT,Full-time,"4,770,942,661.08",US,United States,166.6,19.2833,US,United States,166.6,19.2833,M,Medium ,100,Remote 
484,2022,Data Engineer,EX,Executive ,FT,Full-time,"3,180,628,440.72",US,United States,166.6,19.2833,US,United States,166.6,19.2833,M,Medium ,100,Remote 
485,2022,Data Engineer,SE,Senior ,FT,Full-time,"3,092,277,650.70",US,United States,166.6,19.2833,US,United States,166.6,19.2833,M,Medium ,100,Remote 
486,2022,Machine Learning Engineer,SE,Senior ,FT,Full-time,"1,767,015,800.40",US,United States,166.6,19.2833,US,United States,166.6,19.2833,M,Medium ,100,Remote 
487,2022,Data Scientist,SE,Senior ,FT,Full-time,"3,386,780,284.10",US,United States,166.6,19.2833,US,United States,166.6,19.2833,M,Medium ,100,Remote 
488,2022,Data Scientist,EN,Entry ,PT,Part-time,"1,472,513,167.00",DZ,Algeria,-70.6667,19,DZ,Algeria,-70.6667,19,M,Medium ,50,Hybrid
489,2022,Data Scientist,MI,Mid ,FL,Freelance,"1,472,513,167.00",CA,Canada,-55,-10,US,United States,166.6,19.2833,M,Medium ,100,Remote 
490,2022,Applied Machine Learning Scientist,EN,Entry ,CT,Contract,"469,363,606.68",TN,Tunisia,-2,54,CZ,Czech Republic,-55,-10,M,Medium ,100,Remote 
491,2022,Head of Data,SE,Senior ,FT,Full-time,"2,945,026,334.00",MY,Malaysia,-61.1333,13.8833,US,United States,166.6,19.2833,M,Medium ,100,Remote 
492,2022,Principal Data Analyst,MI,Mid ,FT,Full-time,"1,104,384,967.78",CA,Canada,-55,-10,CA,Canada,-55,-10,S,Small,100,Remote 
493,2022,Data Scientist,MI,Mid ,FT,Full-time,"524,067,527.74",PL,Poland,-61.1333,13.8833,PL,Poland,-61.1333,13.8833,L,Large ,100,Remote 
494,2022,Machine Learning Developer,SE,Senior ,FT,Full-time,"1,160,207,761.60",CA,Canada,-55,-10,CA,Canada,-55,-10,M,Medium ,100,Remote 
495,2022,Data Scientist,SE,Senior ,FT,Full-time,"1,472,513,167.00",BR,Brazil,47.5,40.5,US,United States,166.6,19.2833,M,Medium ,100,Remote 
496,2022,Machine Learning Scientist,MI,Mid ,FT,Full-time,"2,252,945,238.04",US,United States,166.6,19.2833,US,United States,166.6,19.2833,M,Medium ,50,Hybrid
497,2022,Data Engineer,EN,Entry ,FT,Full-time,"854,573,028.96",PK,Pakistan,-61.1333,13.8833,DE,Germany,-55,-10,M,Medium ,100,Remote 
498,2022,Data Scientist,SE,Senior ,FT,Full-time,"2,429,646,818.08",US,United States,166.6,19.2833,US,United States,166.6,19.2833,M,Medium ,100,Remote 
499,2022,Research Scientist,SE,Senior ,FT,Full-time,"1,375,724,936.40",FR,France,2,46,FR,France,2,46,L,Large ,50,Hybrid
500,2022,Data Scientist,EN,Entry ,FT,Full-time,"771,538,087.44",CA,Canada,-55,-10,CA,Canada,-55,-10,L,Large ,100,Remote 
501,2022,Machine Learning Engineer,SE,Senior ,FT,Full-time,"922,544,271.54",NL,Netherlands,-61.1333,13.8833,NL,Netherlands,-61.1333,13.8833,L,Large ,100,Remote 
502,2022,Head of Data,MI,Mid ,FT,Full-time,"485,546,548.50",EE,Estonia,-77.5,-2,EE,Estonia,-77.5,-2,S,Small,100,Remote 
503,2022,Data Scientist,EN,Entry ,FT,Full-time,"589,005,266.80",JP,Japan,36,31,MY,Malaysia,-61.1333,13.8833,L,Large ,100,Remote 
504,2022,Machine Learning Engineer,MI,Mid ,FT,Full-time,"1,287,344,721.84",AU,Australia,45,40,AU,Australia,45,40,L,Large ,100,Remote 
505,2022,Data Engineer,SE,Senior ,FT,Full-time,"1,693,390,234.58",US,United States,166.6,19.2833,US,United States,166.6,19.2833,M,Medium ,100,Remote 
506,2022,Data Scientist,EN,Entry ,FT,Full-time,"1,276,713,024.84",AU,Australia,45,40,AU,Australia,45,40,M,Medium ,50,Hybrid
507,2022,Applied Machine Learning Scientist,MI,Mid ,FT,Full-time,"1,104,384,967.78",BO,"Bolivia, Plurinational State of",47.5,40.5,US,United States,166.6,19.2833,L,Large ,100,Remote 
508,2022,Research Scientist,MI,Mid ,FT,Full-time,"954,910,155.18",AT,Austria,45,40,AT,Austria,45,40,L,Large ,0,On-site
509,2022,Research Scientist,EN,Entry ,FT,Full-time,"1,767,015,800.40",US,United States,166.6,19.2833,US,United States,166.6,19.2833,L,Large ,100,Remote 
510,2022,Applied Data Scientist,MI,Mid ,FT,Full-time,"2,311,845,764.72",US,United States,166.6,19.2833,US,United States,166.6,19.2833,L,Large ,100,Remote 
511,2022,Computer Vision Software Engineer,EN,Entry ,FT,Full-time,"2,208,769,750.50",AU,Australia,45,40,AU,Australia,45,40,S,Small,100,Remote 
512,2022,Business Data Analyst,MI,Mid ,FT,Full-time,"1,044,188,465.92",CA,Canada,-55,-10,CA,Canada,-55,-10,L,Large ,50,Hybrid
513,2022,Data Engineer,EN,Entry ,FT,Full-time,"957,133,651.08",US,United States,166.6,19.2833,US,United States,166.6,19.2833,S,Small,100,Remote 
514,2022,Machine Learning Engineer,SE,Senior ,FT,Full-time,"1,052,022,240.78",IE,Ireland,120,-5,IE,Ireland,120,-5,S,Small,100,Remote 
515,2022,Data Analytics Engineer,EN,Entry ,FT,Full-time,"294,502,633.40",PK,Pakistan,-61.1333,13.8833,PK,Pakistan,-61.1333,13.8833,M,Medium ,0,On-site
516,2022,Data Scientist,MI,Mid ,FT,Full-time,"706,806,320.16",RU,Russian Federation,-56.3333,46.8333,US,United States,166.6,19.2833,S,Small,100,Remote 
517,2022,Data Science Manager,SE,Senior ,FT,Full-time,"2,245,582,625.94",US,United States,166.6,19.2833,US,United States,166.6,19.2833,M,Medium ,100,Remote 
518,2022,Data Engineer,MI,Mid ,FT,Full-time,"1,003,473,600.38",FR,France,2,46,FR,France,2,46,M,Medium ,100,Remote 
519,2022,Data Scientist,MI,Mid ,FT,Full-time,"1,801,560,950.60",CH,Switzerland,-55,-10,CH,Switzerland,-55,-10,L,Large ,0,On-site
520,2022,Applied Data Scientist,SE,Senior ,FT,Full-time,"5,595,550,034.60",US,United States,166.6,19.2833,US,United States,166.6,19.2833,L,Large ,100,Remote 
521,2022,Data Scientist,MI,Mid ,FT,Full-time,"1,020,981,756.86",CA,Canada,-55,-10,CA,Canada,-55,-10,M,Medium ,100,Remote 
522,2022,Computer Vision Engineer,EN,Entry ,FT,Full-time,"147,251,316.70",PT,Portugal,-56.3333,46.8333,LU,Luxembourg,105,18,M,Medium ,100,Remote 
523,2022,Data Analyst,MI,Mid ,FT,Full-time,"294,502,633.40",GR,Greece,-10,11,GR,Greece,-10,11,S,Small,100,Remote 
524,2022,Data Analytics Lead,SE,Senior ,FT,Full-time,"5,963,678,418.88",US,United States,166.6,19.2833,US,United States,166.6,19.2833,L,Large ,100,Remote 
525,2022,Data Scientist,MI,Mid ,FT,Full-time,"1,987,892,867.98",US,United States,166.6,19.2833,US,United States,166.6,19.2833,L,Large ,100,Remote 
526,2022,Applied Data Scientist,SE,Senior ,FT,Full-time,"2,606,348,398.12",US,United States,166.6,19.2833,US,United States,166.6,19.2833,L,Large ,100,Remote 
527,2022,Data Scientist,MI,Mid ,FT,Full-time,"1,148,560,270.26",US,United States,166.6,19.2833,US,United States,166.6,19.2833,M,Medium ,100,Remote 
528,2022,Data Analyst,SE,Senior ,FT,Full-time,"1,987,892,867.98",US,United States,166.6,19.2833,US,United States,166.6,19.2833,M,Medium ,100,Remote 
529,2022,Data Analyst,SE,Senior ,FT,Full-time,"1,472,513,167.00",US,United States,166.6,19.2833,US,United States,166.6,19.2833,M,Medium ,100,Remote 
530,2022,Data Analyst,SE,Senior ,FT,Full-time,"1,329,973,848.02",US,United States,166.6,19.2833,US,United States,166.6,19.2833,M,Medium ,100,Remote 
531,2022,Data Analyst,MI,Mid ,FT,Full-time,"1,251,636,284.48",CA,Canada,-55,-10,CA,Canada,-55,-10,M,Medium ,0,On-site
532,2022,Data Analyst,MI,Mid ,FT,Full-time,"1,104,384,967.78",CA,Canada,-55,-10,CA,Canada,-55,-10,M,Medium ,0,On-site
533,2022,Machine Learning Engineer,SE,Senior ,FT,Full-time,"3,151,178,177.38",US,United States,166.6,19.2833,US,United States,166.6,19.2833,M,Medium ,100,Remote 
534,2022,Machine Learning Engineer,SE,Senior ,FT,Full-time,"2,836,060,415.16",US,United States,166.6,19.2833,US,United States,166.6,19.2833,M,Medium ,100,Remote 
535,2022,Data Architect,SE,Senior ,FT,Full-time,"3,922,775,113.90",US,United States,166.6,19.2833,US,United States,166.6,19.2833,M,Medium ,100,Remote 
536,2022,Data Architect,SE,Senior ,FT,Full-time,"3,138,220,091.12",US,United States,166.6,19.2833,US,United States,166.6,19.2833,M,Medium ,100,Remote 
537,2022,Data Analyst,SE,Senior ,FT,Full-time,"1,662,467,448.82",US,United States,166.6,19.2833,US,United States,166.6,19.2833,M,Medium ,100,Remote 
538,2022,Data Engineer,SE,Senior ,FT,Full-time,"2,282,395,501.38",US,United States,166.6,19.2833,US,United States,166.6,19.2833,M,Medium ,100,Remote 
539,2022,Data Scientist,MI,Mid ,FT,Full-time,"2,080,661,040.20",US,United States,166.6,19.2833,US,United States,166.6,19.2833,M,Medium ,0,On-site
540,2022,Data Scientist,MI,Mid ,FT,Full-time,"1,503,435,952.76",US,United States,166.6,19.2833,US,United States,166.6,19.2833,M,Medium ,0,On-site
541,2022,Data Analyst,SE,Senior ,FT,Full-time,"1,707,143,338.60",US,United States,166.6,19.2833,US,United States,166.6,19.2833,M,Medium ,100,Remote 
542,2022,Data Analyst,SE,Senior ,FT,Full-time,"1,202,542,642.38",US,United States,166.6,19.2833,US,United States,166.6,19.2833,M,Medium ,100,Remote 
543,2022,Data Engineer,MI,Mid ,FT,Full-time,"3,043,669,976.16",US,United States,166.6,19.2833,US,United States,166.6,19.2833,M,Medium ,0,On-site
544,2022,Data Engineer,MI,Mid ,FT,Full-time,"1,459,260,465.22",US,United States,166.6,19.2833,US,United States,166.6,19.2833,M,Medium ,0,On-site
545,2022,Data Engineer,SE,Senior ,FT,Full-time,"1,914,267,117.10",US,United States,166.6,19.2833,US,United States,166.6,19.2833,M,Medium ,100,Remote 
546,2022,Data Engineer,SE,Senior ,FT,Full-time,"1,693,390,234.58",US,United States,166.6,19.2833,US,United States,166.6,19.2833,M,Medium ,100,Remote 
547,2022,Data Engineer,SE,Senior ,FT,Full-time,"1,627,127,095.80",US,United States,166.6,19.2833,US,United States,166.6,19.2833,M,Medium ,100,Remote 
548,2022,Data Engineer,SE,Senior ,FT,Full-time,"1,914,267,117.10",US,United States,166.6,19.2833,US,United States,166.6,19.2833,M,Medium ,100,Remote 
549,2022,Data Analyst,SE,Senior ,FT,Full-time,"1,458,524,296.54",US,United States,166.6,19.2833,US,United States,166.6,19.2833,M,Medium ,100,Remote 
550,2022,Data Engineer,SE,Senior ,FT,Full-time,"2,356,021,067.20",US,United States,166.6,19.2833,US,United States,166.6,19.2833,M,Medium ,100,Remote 
551,2022,Data Scientist,SE,Senior ,FT,Full-time,"3,023,069,467.08",US,United States,166.6,19.2833,US,United States,166.6,19.2833,L,Large ,0,On-site
552,2022,Data Scientist,SE,Senior ,FT,Full-time,"2,067,408,523.48",US,United States,166.6,19.2833,US,United States,166.6,19.2833,L,Large ,0,On-site
553,2022,Data Scientist,SE,Senior ,FT,Full-time,"2,591,623,173.92",US,United States,166.6,19.2833,US,United States,166.6,19.2833,M,Medium ,100,Remote 
554,2022,Data Scientist,SE,Senior ,FT,Full-time,"2,120,418,960.48",US,United States,166.6,19.2833,US,United States,166.6,19.2833,M,Medium ,100,Remote 
555,2022,Data Engineer,SE,Senior ,FT,Full-time,"2,946,498,856.42",US,United States,166.6,19.2833,US,United States,166.6,19.2833,M,Medium ,100,Remote 
556,2022,Data Engineer,SE,Senior ,FT,Full-time,"2,356,021,067.20",US,United States,166.6,19.2833,US,United States,166.6,19.2833,M,Medium ,100,Remote 
557,2022,Data Engineer,SE,Senior ,FT,Full-time,"2,135,144,184.68",US,United States,166.6,19.2833,US,United States,166.6,19.2833,M,Medium ,100,Remote 
558,2022,Data Engineer,SE,Senior ,FT,Full-time,"1,038,121,829.00",US,United States,166.6,19.2833,US,United States,166.6,19.2833,M,Medium ,0,On-site
559,2022,Data Scientist,SE,Senior ,FT,Full-time,"3,023,069,467.08",US,United States,166.6,19.2833,US,United States,166.6,19.2833,M,Medium ,0,On-site
560,2022,Data Scientist,SE,Senior ,FT,Full-time,"2,067,408,523.48",US,United States,166.6,19.2833,US,United States,166.6,19.2833,M,Medium ,0,On-site
561,2022,Analytics Engineer,SE,Senior ,FT,Full-time,"3,023,069,467.08",US,United States,166.6,19.2833,US,United States,166.6,19.2833,M,Medium ,0,On-site
562,2022,Analytics Engineer,SE,Senior ,FT,Full-time,"2,719,731,884.22",US,United States,166.6,19.2833,US,United States,166.6,19.2833,M,Medium ,0,On-site
563,2022,Data Engineer,SE,Senior ,FT,Full-time,"2,578,370,472.14",US,United States,166.6,19.2833,US,United States,166.6,19.2833,M,Medium ,100,Remote 
564,2022,Data Engineer,SE,Senior ,FT,Full-time,"2,065,199,647.32",US,United States,166.6,19.2833,US,United States,166.6,19.2833,M,Medium ,100,Remote 
565,2022,Data Analyst,SE,Senior ,FT,Full-time,"1,710,323,964.82",US,United States,166.6,19.2833,US,United States,166.6,19.2833,M,Medium ,100,Remote 
566,2022,Data Engineer,SE,Senior ,FT,Full-time,"795,157,110.18",US,United States,166.6,19.2833,US,United States,166.6,19.2833,M,Medium ,0,On-site
567,2022,Data Analyst,SE,Senior ,FT,Full-time,"2,503,272,383.90",US,United States,166.6,19.2833,US,United States,166.6,19.2833,M,Medium ,100,Remote 
568,2022,Data Analyst,MI,Mid ,FT,Full-time,"963,583,177.14",GB,United Kingdom,11.75,-1,GB,United Kingdom,11.75,-1,M,Medium ,0,On-site
569,2022,Data Analyst,SE,Senior ,FT,Full-time,"1,178,010,533.60",US,United States,166.6,19.2833,US,United States,166.6,19.2833,M,Medium ,100,Remote 
570,2022,Data Scientist,SE,Senior ,FT,Full-time,"2,061,518,433.80",US,United States,166.6,19.2833,US,United States,166.6,19.2833,M,Medium ,100,Remote 
571,2022,Data Scientist,SE,Senior ,FT,Full-time,"3,092,277,650.70",US,United States,166.6,19.2833,US,United States,166.6,19.2833,M,Medium ,100,Remote 
572,2022,Data Scientist,SE,Senior ,FT,Full-time,"2,061,518,433.80",US,United States,166.6,19.2833,US,United States,166.6,19.2833,M,Medium ,100,Remote 
573,2022,Data Analyst,SE,Senior ,FT,Full-time,"1,472,513,167.00",US,United States,166.6,19.2833,US,United States,166.6,19.2833,M,Medium ,100,Remote 
574,2022,Data Analyst,SE,Senior ,FT,Full-time,"1,016,034,177.76",US,United States,166.6,19.2833,US,United States,166.6,19.2833,M,Medium ,100,Remote 
575,2022,Data Scientist,SE,Senior ,FT,Full-time,"3,092,277,650.70",US,United States,166.6,19.2833,US,United States,166.6,19.2833,M,Medium ,100,Remote 
576,2022,Data Scientist,SE,Senior ,FT,Full-time,"2,061,518,433.80",US,United States,166.6,19.2833,US,United States,166.6,19.2833,M,Medium ,100,Remote 
577,2022,Data Scientist,SE,Senior ,FT,Full-time,"3,092,277,650.70",US,United States,166.6,19.2833,US,United States,166.6,19.2833,M,Medium ,100,Remote 
578,2022,Data Analyst,SE,Senior ,FT,Full-time,"2,209,874,188.58",US,United States,166.6,19.2833,US,United States,166.6,19.2833,M,Medium ,100,Remote 
579,2022,Data Engineer,SE,Senior ,FT,Full-time,"1,472,513,167.00",US,United States,166.6,19.2833,US,United States,166.6,19.2833,M,Medium ,100,Remote 
580,2022,Data Engineer,SE,Senior ,FT,Full-time,"368,128,384.28",US,United States,166.6,19.2833,US,United States,166.6,19.2833,M,Medium ,100,Remote 
581,2022,Data Analyst,SE,Senior ,FT,Full-time,"1,862,729,202.52",US,United States,166.6,19.2833,US,United States,166.6,19.2833,M,Medium ,100,Remote 
582,2022,Data Analyst,SE,Senior ,FT,Full-time,"1,564,692,478.30",US,United States,166.6,19.2833,US,United States,166.6,19.2833,M,Medium ,100,Remote 
583,2022,Data Engineer,SE,Senior ,FT,Full-time,"3,241,148,797.58",US,United States,166.6,19.2833,US,United States,166.6,19.2833,M,Medium ,100,Remote 
584,2022,Data Engineer,SE,Senior ,FT,Full-time,"2,357,199,159.16",US,United States,166.6,19.2833,US,United States,166.6,19.2833,M,Medium ,100,Remote 
585,2022,Data Analyst,SE,Senior ,FT,Full-time,"1,546,138,917.88",US,United States,166.6,19.2833,US,United States,166.6,19.2833,M,Medium ,100,Remote 
586,2022,Data Analyst,SE,Senior ,FT,Full-time,"1,633,385,269.82",US,United States,166.6,19.2833,US,United States,166.6,19.2833,M,Medium ,100,Remote 
587,2022,Data Analyst,MI,Mid ,FT,Full-time,"674,514,090.40",GB,United Kingdom,11.75,-1,GB,United Kingdom,11.75,-1,M,Medium ,0,On-site
588,2022,Data Scientist,SE,Senior ,FT,Full-time,"2,061,518,433.80",US,United States,166.6,19.2833,US,United States,166.6,19.2833,M,Medium ,100,Remote 
589,2022,Data Analyst,SE,Senior ,FT,Full-time,"1,457,788,127.86",US,United States,166.6,19.2833,US,United States,166.6,19.2833,M,Medium ,0,On-site
590,2022,Data Analyst,SE,Senior ,FT,Full-time,"883,507,900.20",US,United States,166.6,19.2833,US,United States,166.6,19.2833,M,Medium ,100,Remote 
591,2022,Data Architect,SE,Senior ,FT,Full-time,"2,835,530,218.26",US,United States,166.6,19.2833,US,United States,166.6,19.2833,M,Medium ,100,Remote 
592,2022,Data Architect,SE,Senior ,FT,Full-time,"2,132,994,157.60",US,United States,166.6,19.2833,US,United States,166.6,19.2833,M,Medium ,100,Remote 
593,2022,Data Scientist,SE,Senior ,FT,Full-time,"3,386,780,284.10",US,United States,166.6,19.2833,US,United States,166.6,19.2833,M,Medium ,100,Remote 
594,2022,Data Scientist,SE,Senior ,FT,Full-time,"2,208,769,750.50",US,United States,166.6,19.2833,US,United States,166.6,19.2833,M,Medium ,100,Remote 
595,2022,Data Analytics Manager,SE,Senior ,FT,Full-time,"2,212,598,271.78",US,United States,166.6,19.2833,US,United States,166.6,19.2833,M,Medium ,100,Remote 
596,2022,Data Analytics Manager,SE,Senior ,FT,Full-time,"1,609,162,396.30",US,United States,166.6,19.2833,US,United States,166.6,19.2833,M,Medium ,100,Remote 
597,2022,Data Scientist,SE,Senior ,FT,Full-time,"3,092,277,650.70",US,United States,166.6,19.2833,US,United States,166.6,19.2833,M,Medium ,100,Remote 
598,2022,Data Analyst,SE,Senior ,FT,Full-time,"2,503,272,383.90",US,United States,166.6,19.2833,US,United States,166.6,19.2833,M,Medium ,100,Remote 
599,2022,Data Scientist,MI,Mid ,FT,Full-time,"2,356,021,067.20",US,United States,166.6,19.2833,US,United States,166.6,19.2833,M,Medium ,100,Remote 
600,2022,Data Scientist,MI,Mid ,FT,Full-time,"1,914,267,117.10",US,United States,166.6,19.2833,US,United States,166.6,19.2833,M,Medium ,100,Remote 
601,2022,Data Analyst,EN,Entry ,FT,Full-time,"986,583,914.42",CA,Canada,-55,-10,CA,Canada,-55,-10,M,Medium ,0,On-site
602,2022,Data Analyst,EN,Entry ,FT,Full-time,"765,706,846.84",CA,Canada,-55,-10,CA,Canada,-55,-10,M,Medium ,0,On-site
603,2022,Data Engineer,SE,Senior ,FT,Full-time,"2,267,670,277.18",US,United States,166.6,19.2833,US,United States,166.6,19.2833,M,Medium ,100,Remote 
604,2022,Data Engineer,SE,Senior ,FT,Full-time,"1,855,366,590.42",US,United States,166.6,19.2833,US,United States,166.6,19.2833,M,Medium ,100,Remote 
605,2022,Data Analyst,SE,Senior ,FT,Full-time,"1,899,542,077.96",US,United States,166.6,19.2833,US,United States,166.6,19.2833,M,Medium ,0,On-site
606,2022,Data Analyst,SE,Senior ,FT,Full-time,"2,208,769,750.50",US,United States,166.6,19.2833,US,United States,166.6,19.2833,M,Medium ,100,Remote 
607,2022,AI Scientist,MI,Mid ,FT,Full-time,"2,945,026,334.00",IN,India,34.75,31.5,US,United States,166.6,19.2833,L,Large ,100,Remote 